[
    {
        "pk": 7, 
        "model": "auth.user", 
        "fields": {
            "username": "inferno", 
            "first_name": "", 
            "last_name": "", 
            "is_active": true, 
            "is_superuser": false, 
            "is_staff": false, 
            "last_login": "2009-06-12 08:46:28", 
            "groups": [], 
            "user_permissions": [], 
            "password": "sha1$97273$9f3a35d2fcf0c33973ae55b0cedc22c959a155d5", 
            "email": "yonsy@aureal.com.pe", 
            "date_joined": "2009-06-12 08:45:10"
        }
    }, 
    {
        "pk": 8, 
        "model": "auth.user", 
        "fields": {
            "username": "jsaenz", 
            "first_name": "", 
            "last_name": "", 
            "is_active": true, 
            "is_superuser": false, 
            "is_staff": false, 
            "last_login": "2009-06-12 09:33:54", 
            "groups": [], 
            "user_permissions": [], 
            "password": "sha1$8df3f$c8e263215fafc566aa7838c29eb91b0d2ade7a11", 
            "email": "jenifer.saenz@gmail.com", 
            "date_joined": "2009-06-12 09:33:08"
        }
    }, 
    {
        "pk": 1, 
        "model": "auth.user", 
        "fields": {
            "username": "admin", 
            "first_name": "", 
            "last_name": "", 
            "is_active": true, 
            "is_superuser": true, 
            "is_staff": true, 
            "last_login": "2009-06-22 03:50:57", 
            "groups": [], 
            "user_permissions": [], 
            "password": "sha1$6936a$ec59a85e49dd5f0a11ff42cee9b159377f1a798f", 
            "email": "admin@site.net", 
            "date_joined": "2009-05-13 11:26:27"
        }
    }, 
    {
        "pk": 2, 
        "model": "sites.site", 
        "fields": {
            "domain": "127.0.0.1:8000", 
            "name": "MaccTicket"
        }
    }, 
    {
        "pk": 78, 
        "model": "admin.logentry", 
        "fields": {
            "action_flag": 3, 
            "action_time": "2009-06-22 03:51:12", 
            "object_repr": "example.com", 
            "object_id": "1", 
            "change_message": "", 
            "user": 1, 
            "content_type": 7
        }
    }, 
    {
        "pk": 77, 
        "model": "admin.logentry", 
        "fields": {
            "action_flag": 2, 
            "action_time": "2009-06-12 12:54:23", 
            "object_repr": "127.0.0.1:8000", 
            "object_id": "2", 
            "change_message": "Modificado/a domain.", 
            "user": 1, 
            "content_type": 7
        }
    }, 
    {
        "pk": 76, 
        "model": "admin.logentry", 
        "fields": {
            "action_flag": 3, 
            "action_time": "2009-06-12 12:54:09", 
            "object_repr": "example.com", 
            "object_id": "1", 
            "change_message": "", 
            "user": 1, 
            "content_type": 7
        }
    }, 
    {
        "pk": 75, 
        "model": "admin.logentry", 
        "fields": {
            "action_flag": 3, 
            "action_time": "2009-06-12 08:44:44", 
            "object_repr": "inferno", 
            "object_id": "6", 
            "change_message": "", 
            "user": 1, 
            "content_type": 3
        }
    }, 
    {
        "pk": 74, 
        "model": "admin.logentry", 
        "fields": {
            "action_flag": 3, 
            "action_time": "2009-06-12 06:23:34", 
            "object_repr": "inferno", 
            "object_id": "5", 
            "change_message": "", 
            "user": 1, 
            "content_type": 3
        }
    }, 
    {
        "pk": 73, 
        "model": "admin.logentry", 
        "fields": {
            "action_flag": 3, 
            "action_time": "2009-06-12 06:07:06", 
            "object_repr": "example.com", 
            "object_id": "1", 
            "change_message": "", 
            "user": 1, 
            "content_type": 7
        }
    }, 
    {
        "pk": 72, 
        "model": "admin.logentry", 
        "fields": {
            "action_flag": 1, 
            "action_time": "2009-06-12 06:06:54", 
            "object_repr": "www.maccticket.com", 
            "object_id": "2", 
            "change_message": "", 
            "user": 1, 
            "content_type": 7
        }
    }, 
    {
        "pk": 71, 
        "model": "admin.logentry", 
        "fields": {
            "action_flag": 3, 
            "action_time": "2009-06-12 05:48:57", 
            "object_repr": "inferno", 
            "object_id": "4", 
            "change_message": "", 
            "user": 1, 
            "content_type": 3
        }
    }, 
    {
        "pk": 69, 
        "model": "admin.logentry", 
        "fields": {
            "action_flag": 3, 
            "action_time": "2009-06-10 17:58:27", 
            "object_repr": "cale", 
            "object_id": "3", 
            "change_message": "", 
            "user": 1, 
            "content_type": 3
        }
    }, 
    {
        "pk": 70, 
        "model": "admin.logentry", 
        "fields": {
            "action_flag": 3, 
            "action_time": "2009-06-10 17:58:27", 
            "object_repr": "mika", 
            "object_id": "2", 
            "change_message": "", 
            "user": 1, 
            "content_type": 3
        }
    }, 
    {
        "pk": 68, 
        "model": "admin.logentry", 
        "fields": {
            "action_flag": 2, 
            "action_time": "2009-06-09 16:48:29", 
            "object_repr": "Oasis en Lima", 
            "object_id": "2", 
            "change_message": "Modificado/a image.", 
            "user": 1, 
            "content_type": 17
        }
    }, 
    {
        "pk": 67, 
        "model": "admin.logentry", 
        "fields": {
            "action_flag": 2, 
            "action_time": "2009-06-09 16:32:53", 
            "object_repr": "Michael Jackson 2009", 
            "object_id": "3", 
            "change_message": "A\u00f1adido/a \"VIP\" Zona. A\u00f1adido/a \"General\" Zona.", 
            "user": 1, 
            "content_type": 17
        }
    }, 
    {
        "pk": 66, 
        "model": "admin.logentry", 
        "fields": {
            "action_flag": 2, 
            "action_time": "2009-06-09 16:17:05", 
            "object_repr": "2009 Sticky & Sweet Tour", 
            "object_id": "1", 
            "change_message": "A\u00f1adido/a \"VIP\" Zona. A\u00f1adido/a \"General\" Zona.", 
            "user": 1, 
            "content_type": 17
        }
    }, 
    {
        "pk": 65, 
        "model": "admin.logentry", 
        "fields": {
            "action_flag": 2, 
            "action_time": "2009-06-09 16:07:53", 
            "object_repr": "Britney Spears", 
            "object_id": "6", 
            "change_message": "A\u00f1adido/a \"VIP\" Zona. A\u00f1adido/a \"General\" Zona.", 
            "user": 1, 
            "content_type": 17
        }
    }, 
    {
        "pk": 64, 
        "model": "admin.logentry", 
        "fields": {
            "action_flag": 2, 
            "action_time": "2009-06-09 16:05:18", 
            "object_repr": "Oasis en Lima", 
            "object_id": "2", 
            "change_message": "A\u00f1adido/a \"VIP\" Zona. A\u00f1adido/a \"General\" Zona.", 
            "user": 1, 
            "content_type": 17
        }
    }, 
    {
        "pk": 63, 
        "model": "admin.logentry", 
        "fields": {
            "action_flag": 1, 
            "action_time": "2009-06-07 17:44:29", 
            "object_repr": "Bethoven Festival", 
            "object_id": "9", 
            "change_message": "", 
            "user": 1, 
            "content_type": 17
        }
    }, 
    {
        "pk": 62, 
        "model": "admin.logentry", 
        "fields": {
            "action_flag": 1, 
            "action_time": "2009-06-07 17:43:22", 
            "object_repr": "Bethoven", 
            "object_id": "15", 
            "change_message": "", 
            "user": 1, 
            "content_type": 16
        }
    }, 
    {
        "pk": 61, 
        "model": "admin.logentry", 
        "fields": {
            "action_flag": 1, 
            "action_time": "2009-06-07 17:22:17", 
            "object_repr": "B. B. King", 
            "object_id": "8", 
            "change_message": "", 
            "user": 1, 
            "content_type": 17
        }
    }, 
    {
        "pk": 60, 
        "model": "admin.logentry", 
        "fields": {
            "action_flag": 1, 
            "action_time": "2009-06-07 17:21:10", 
            "object_repr": "B. B. King", 
            "object_id": "14", 
            "change_message": "", 
            "user": 1, 
            "content_type": 16
        }
    }, 
    {
        "pk": 59, 
        "model": "admin.logentry", 
        "fields": {
            "action_flag": 1, 
            "action_time": "2009-06-07 17:14:47", 
            "object_repr": "The Prodigy Tickets", 
            "object_id": "7", 
            "change_message": "", 
            "user": 1, 
            "content_type": 17
        }
    }, 
    {
        "pk": 58, 
        "model": "admin.logentry", 
        "fields": {
            "action_flag": 1, 
            "action_time": "2009-06-07 17:12:50", 
            "object_repr": "Prodigy", 
            "object_id": "13", 
            "change_message": "", 
            "user": 1, 
            "content_type": 16
        }
    }, 
    {
        "pk": 57, 
        "model": "admin.logentry", 
        "fields": {
            "action_flag": 1, 
            "action_time": "2009-06-07 11:51:02", 
            "object_repr": "Folklore", 
            "object_id": "11", 
            "change_message": "", 
            "user": 1, 
            "content_type": 15
        }
    }, 
    {
        "pk": 56, 
        "model": "admin.logentry", 
        "fields": {
            "action_flag": 1, 
            "action_time": "2009-06-07 11:50:03", 
            "object_repr": "Clasica", 
            "object_id": "10", 
            "change_message": "", 
            "user": 1, 
            "content_type": 15
        }
    }, 
    {
        "pk": 55, 
        "model": "admin.logentry", 
        "fields": {
            "action_flag": 1, 
            "action_time": "2009-06-07 11:49:51", 
            "object_repr": "Electronica", 
            "object_id": "9", 
            "change_message": "", 
            "user": 1, 
            "content_type": 15
        }
    }, 
    {
        "pk": 54, 
        "model": "admin.logentry", 
        "fields": {
            "action_flag": 1, 
            "action_time": "2009-06-07 11:49:40", 
            "object_repr": "Jazz", 
            "object_id": "8", 
            "change_message": "", 
            "user": 1, 
            "content_type": 15
        }
    }, 
    {
        "pk": 53, 
        "model": "admin.logentry", 
        "fields": {
            "action_flag": 1, 
            "action_time": "2009-06-07 11:49:27", 
            "object_repr": "HipHop", 
            "object_id": "7", 
            "change_message": "", 
            "user": 1, 
            "content_type": 15
        }
    }, 
    {
        "pk": 52, 
        "model": "admin.logentry", 
        "fields": {
            "action_flag": 1, 
            "action_time": "2009-06-07 11:48:37", 
            "object_repr": "Reggaeton", 
            "object_id": "6", 
            "change_message": "", 
            "user": 1, 
            "content_type": 15
        }
    }, 
    {
        "pk": 51, 
        "model": "admin.logentry", 
        "fields": {
            "action_flag": 2, 
            "action_time": "2009-06-06 16:45:51", 
            "object_repr": "Michael Jackson 2009", 
            "object_id": "3", 
            "change_message": "Modificado/a is_prominent.", 
            "user": 1, 
            "content_type": 17
        }
    }, 
    {
        "pk": 50, 
        "model": "admin.logentry", 
        "fields": {
            "action_flag": 2, 
            "action_time": "2009-06-06 16:45:40", 
            "object_repr": "360 grados", 
            "object_id": "5", 
            "change_message": "Modificado/a is_prominent.", 
            "user": 1, 
            "content_type": 17
        }
    }, 
    {
        "pk": 49, 
        "model": "admin.logentry", 
        "fields": {
            "action_flag": 2, 
            "action_time": "2009-06-06 16:45:34", 
            "object_repr": "Britney Spears", 
            "object_id": "6", 
            "change_message": "Modificado/a is_prominent.", 
            "user": 1, 
            "content_type": 17
        }
    }, 
    {
        "pk": 48, 
        "model": "admin.logentry", 
        "fields": {
            "action_flag": 1, 
            "action_time": "2009-06-05 15:45:46", 
            "object_repr": "Britney Spears", 
            "object_id": "6", 
            "change_message": "", 
            "user": 1, 
            "content_type": 17
        }
    }, 
    {
        "pk": 47, 
        "model": "admin.logentry", 
        "fields": {
            "action_flag": 2, 
            "action_time": "2009-06-05 15:45:04", 
            "object_repr": "360 grados", 
            "object_id": "5", 
            "change_message": "Modificado/a name.", 
            "user": 1, 
            "content_type": 17
        }
    }, 
    {
        "pk": 46, 
        "model": "admin.logentry", 
        "fields": {
            "action_flag": 1, 
            "action_time": "2009-06-05 15:40:32", 
            "object_repr": "U2", 
            "object_id": "5", 
            "change_message": "", 
            "user": 1, 
            "content_type": 17
        }
    }, 
    {
        "pk": 45, 
        "model": "admin.logentry", 
        "fields": {
            "action_flag": 2, 
            "action_time": "2009-06-05 15:10:00", 
            "object_repr": "PopRock", 
            "object_id": "4", 
            "change_message": "Modificado/a name.", 
            "user": 1, 
            "content_type": 15
        }
    }, 
    {
        "pk": 44, 
        "model": "admin.logentry", 
        "fields": {
            "action_flag": 2, 
            "action_time": "2009-06-05 14:56:57", 
            "object_repr": "PopRock ", 
            "object_id": "4", 
            "change_message": "Modificado/a name.", 
            "user": 1, 
            "content_type": 15
        }
    }, 
    {
        "pk": 43, 
        "model": "admin.logentry", 
        "fields": {
            "action_flag": 2, 
            "action_time": "2009-06-05 14:56:39", 
            "object_repr": "Pop Rock ", 
            "object_id": "4", 
            "change_message": "Modificado/a name.", 
            "user": 1, 
            "content_type": 15
        }
    }, 
    {
        "pk": 42, 
        "model": "admin.logentry", 
        "fields": {
            "action_flag": 2, 
            "action_time": "2009-06-05 14:56:16", 
            "object_repr": "Pop / Rock ", 
            "object_id": "4", 
            "change_message": "Modificado/a name.", 
            "user": 1, 
            "content_type": 15
        }
    }, 
    {
        "pk": 41, 
        "model": "admin.logentry", 
        "fields": {
            "action_flag": 1, 
            "action_time": "2009-06-05 14:55:29", 
            "object_repr": "Alternativo", 
            "object_id": "5", 
            "change_message": "", 
            "user": 1, 
            "content_type": 15
        }
    }, 
    {
        "pk": 40, 
        "model": "admin.logentry", 
        "fields": {
            "action_flag": 2, 
            "action_time": "2009-06-05 14:54:32", 
            "object_repr": "Michael Jackson 2009", 
            "object_id": "3", 
            "change_message": "Modificado/a image.", 
            "user": 1, 
            "content_type": 17
        }
    }, 
    {
        "pk": 39, 
        "model": "admin.logentry", 
        "fields": {
            "action_flag": 1, 
            "action_time": "2009-06-05 14:52:58", 
            "object_repr": "Limon", 
            "object_id": "8", 
            "change_message": "", 
            "user": 1, 
            "content_type": 13
        }
    }, 
    {
        "pk": 38, 
        "model": "admin.logentry", 
        "fields": {
            "action_flag": 1, 
            "action_time": "2009-06-05 14:52:48", 
            "object_repr": "Puntarenas", 
            "object_id": "7", 
            "change_message": "", 
            "user": 1, 
            "content_type": 13
        }
    }, 
    {
        "pk": 37, 
        "model": "admin.logentry", 
        "fields": {
            "action_flag": 1, 
            "action_time": "2009-06-05 14:52:38", 
            "object_repr": "Guanacaste", 
            "object_id": "6", 
            "change_message": "", 
            "user": 1, 
            "content_type": 13
        }
    }, 
    {
        "pk": 36, 
        "model": "admin.logentry", 
        "fields": {
            "action_flag": 1, 
            "action_time": "2009-06-05 14:52:27", 
            "object_repr": "Cartago", 
            "object_id": "5", 
            "change_message": "", 
            "user": 1, 
            "content_type": 13
        }
    }, 
    {
        "pk": 35, 
        "model": "admin.logentry", 
        "fields": {
            "action_flag": 1, 
            "action_time": "2009-06-05 14:52:18", 
            "object_repr": "Heredia", 
            "object_id": "4", 
            "change_message": "", 
            "user": 1, 
            "content_type": 13
        }
    }, 
    {
        "pk": 34, 
        "model": "admin.logentry", 
        "fields": {
            "action_flag": 1, 
            "action_time": "2009-06-05 14:52:06", 
            "object_repr": "Alajuela", 
            "object_id": "3", 
            "change_message": "", 
            "user": 1, 
            "content_type": 13
        }
    }, 
    {
        "pk": 33, 
        "model": "admin.logentry", 
        "fields": {
            "action_flag": 1, 
            "action_time": "2009-06-05 14:51:49", 
            "object_repr": "San Jose", 
            "object_id": "2", 
            "change_message": "", 
            "user": 1, 
            "content_type": 13
        }
    }, 
    {
        "pk": 32, 
        "model": "admin.logentry", 
        "fields": {
            "action_flag": 1, 
            "action_time": "2009-06-05 14:49:59", 
            "object_repr": "U2", 
            "object_id": "12", 
            "change_message": "", 
            "user": 1, 
            "content_type": 16
        }
    }, 
    {
        "pk": 31, 
        "model": "admin.logentry", 
        "fields": {
            "action_flag": 2, 
            "action_time": "2009-06-05 14:49:24", 
            "object_repr": "Michael Jackson", 
            "object_id": "2", 
            "change_message": "Modificado/a biography y image.", 
            "user": 1, 
            "content_type": 16
        }
    }, 
    {
        "pk": 30, 
        "model": "admin.logentry", 
        "fields": {
            "action_flag": 1, 
            "action_time": "2009-06-05 14:48:49", 
            "object_repr": "Pearl Jam", 
            "object_id": "11", 
            "change_message": "", 
            "user": 1, 
            "content_type": 16
        }
    }, 
    {
        "pk": 29, 
        "model": "admin.logentry", 
        "fields": {
            "action_flag": 1, 
            "action_time": "2009-06-05 14:48:17", 
            "object_repr": "Oasis", 
            "object_id": "10", 
            "change_message": "", 
            "user": 1, 
            "content_type": 16
        }
    }, 
    {
        "pk": 28, 
        "model": "admin.logentry", 
        "fields": {
            "action_flag": 1, 
            "action_time": "2009-06-05 14:47:40", 
            "object_repr": "Kiss", 
            "object_id": "9", 
            "change_message": "", 
            "user": 1, 
            "content_type": 16
        }
    }, 
    {
        "pk": 27, 
        "model": "admin.logentry", 
        "fields": {
            "action_flag": 1, 
            "action_time": "2009-06-05 14:47:03", 
            "object_repr": "Coldplay", 
            "object_id": "8", 
            "change_message": "", 
            "user": 1, 
            "content_type": 16
        }
    }, 
    {
        "pk": 26, 
        "model": "admin.logentry", 
        "fields": {
            "action_flag": 2, 
            "action_time": "2009-06-05 14:45:49", 
            "object_repr": "Madonna", 
            "object_id": "1", 
            "change_message": "Modificado/a image.", 
            "user": 1, 
            "content_type": 16
        }
    }, 
    {
        "pk": 25, 
        "model": "admin.logentry", 
        "fields": {
            "action_flag": 1, 
            "action_time": "2009-06-05 14:42:26", 
            "object_repr": "Britney Spears", 
            "object_id": "7", 
            "change_message": "", 
            "user": 1, 
            "content_type": 16
        }
    }, 
    {
        "pk": 24, 
        "model": "admin.logentry", 
        "fields": {
            "action_flag": 1, 
            "action_time": "2009-06-05 14:41:48", 
            "object_repr": "AC/DC", 
            "object_id": "6", 
            "change_message": "", 
            "user": 1, 
            "content_type": 16
        }
    }, 
    {
        "pk": 23, 
        "model": "admin.logentry", 
        "fields": {
            "action_flag": 1, 
            "action_time": "2009-06-05 14:39:15", 
            "object_repr": "The Killers", 
            "object_id": "5", 
            "change_message": "", 
            "user": 1, 
            "content_type": 16
        }
    }, 
    {
        "pk": 22, 
        "model": "admin.logentry", 
        "fields": {
            "action_flag": 2, 
            "action_time": "2009-06-04 17:11:48", 
            "object_repr": "Tour Death Magnetic", 
            "object_id": "4", 
            "change_message": "Modificado/a name.", 
            "user": 1, 
            "content_type": 17
        }
    }, 
    {
        "pk": 21, 
        "model": "admin.logentry", 
        "fields": {
            "action_flag": 1, 
            "action_time": "2009-06-04 16:34:18", 
            "object_repr": "Death Magnetic 2009", 
            "object_id": "4", 
            "change_message": "", 
            "user": 1, 
            "content_type": 17
        }
    }, 
    {
        "pk": 20, 
        "model": "admin.logentry", 
        "fields": {
            "action_flag": 1, 
            "action_time": "2009-06-04 16:33:38", 
            "object_repr": "Metallica", 
            "object_id": "4", 
            "change_message": "", 
            "user": 1, 
            "content_type": 16
        }
    }, 
    {
        "pk": 19, 
        "model": "admin.logentry", 
        "fields": {
            "action_flag": 2, 
            "action_time": "2009-06-04 16:32:42", 
            "object_repr": "2009 Sticky & Sweet Tour", 
            "object_id": "1", 
            "change_message": "Modificado/a category.", 
            "user": 1, 
            "content_type": 17
        }
    }, 
    {
        "pk": 18, 
        "model": "admin.logentry", 
        "fields": {
            "action_flag": 2, 
            "action_time": "2009-06-04 16:32:33", 
            "object_repr": "Michael Jackson 2009", 
            "object_id": "3", 
            "change_message": "Modificado/a category.", 
            "user": 1, 
            "content_type": 17
        }
    }, 
    {
        "pk": 17, 
        "model": "admin.logentry", 
        "fields": {
            "action_flag": 1, 
            "action_time": "2009-06-04 16:32:27", 
            "object_repr": "PopRock", 
            "object_id": "4", 
            "change_message": "", 
            "user": 1, 
            "content_type": 15
        }
    }, 
    {
        "pk": 16, 
        "model": "admin.logentry", 
        "fields": {
            "action_flag": 2, 
            "action_time": "2009-06-04 16:32:04", 
            "object_repr": "Oasis en Lima", 
            "object_id": "2", 
            "change_message": "Modificado/a category.", 
            "user": 1, 
            "content_type": 17
        }
    }, 
    {
        "pk": 15, 
        "model": "admin.logentry", 
        "fields": {
            "action_flag": 1, 
            "action_time": "2009-06-04 15:48:48", 
            "object_repr": "Metal", 
            "object_id": "3", 
            "change_message": "", 
            "user": 1, 
            "content_type": 15
        }
    }, 
    {
        "pk": 14, 
        "model": "admin.logentry", 
        "fields": {
            "action_flag": 1, 
            "action_time": "2009-06-04 15:48:39", 
            "object_repr": "Electronica", 
            "object_id": "2", 
            "change_message": "", 
            "user": 1, 
            "content_type": 15
        }
    }, 
    {
        "pk": 13, 
        "model": "admin.logentry", 
        "fields": {
            "action_flag": 1, 
            "action_time": "2009-06-04 15:48:33", 
            "object_repr": "Rock", 
            "object_id": "1", 
            "change_message": "", 
            "user": 1, 
            "content_type": 15
        }
    }, 
    {
        "pk": 12, 
        "model": "admin.logentry", 
        "fields": {
            "action_flag": 1, 
            "action_time": "2009-05-13 12:38:41", 
            "object_repr": "Michael Jackson 2009", 
            "object_id": "3", 
            "change_message": "", 
            "user": 1, 
            "content_type": 15
        }
    }, 
    {
        "pk": 11, 
        "model": "admin.logentry", 
        "fields": {
            "action_flag": 1, 
            "action_time": "2009-05-13 12:38:14", 
            "object_repr": "Oasis en Lima", 
            "object_id": "2", 
            "change_message": "", 
            "user": 1, 
            "content_type": 15
        }
    }, 
    {
        "pk": 10, 
        "model": "admin.logentry", 
        "fields": {
            "action_flag": 1, 
            "action_time": "2009-05-13 12:37:48", 
            "object_repr": "Jockey del Peru", 
            "object_id": "2", 
            "change_message": "", 
            "user": 1, 
            "content_type": 12
        }
    }, 
    {
        "pk": 9, 
        "model": "admin.logentry", 
        "fields": {
            "action_flag": 1, 
            "action_time": "2009-05-13 12:18:35", 
            "object_repr": "Oasis", 
            "object_id": "3", 
            "change_message": "", 
            "user": 1, 
            "content_type": 14
        }
    }, 
    {
        "pk": 8, 
        "model": "admin.logentry", 
        "fields": {
            "action_flag": 1, 
            "action_time": "2009-05-13 12:17:53", 
            "object_repr": "Michael Jackson", 
            "object_id": "2", 
            "change_message": "", 
            "user": 1, 
            "content_type": 14
        }
    }, 
    {
        "pk": 7, 
        "model": "admin.logentry", 
        "fields": {
            "action_flag": 1, 
            "action_time": "2009-05-13 11:55:39", 
            "object_repr": "2009 Sticky & Sweet Tour", 
            "object_id": "1", 
            "change_message": "", 
            "user": 1, 
            "content_type": 15
        }
    }, 
    {
        "pk": 6, 
        "model": "admin.logentry", 
        "fields": {
            "action_flag": 1, 
            "action_time": "2009-05-13 11:53:30", 
            "object_repr": "Estadio Nacional", 
            "object_id": "1", 
            "change_message": "", 
            "user": 1, 
            "content_type": 12
        }
    }, 
    {
        "pk": 5, 
        "model": "admin.logentry", 
        "fields": {
            "action_flag": 1, 
            "action_time": "2009-05-13 11:53:01", 
            "object_repr": "Lima", 
            "object_id": "1", 
            "change_message": "", 
            "user": 1, 
            "content_type": 11
        }
    }, 
    {
        "pk": 4, 
        "model": "admin.logentry", 
        "fields": {
            "action_flag": 1, 
            "action_time": "2009-05-13 11:52:48", 
            "object_repr": "Peru", 
            "object_id": "3", 
            "change_message": "", 
            "user": 1, 
            "content_type": 10
        }
    }, 
    {
        "pk": 3, 
        "model": "admin.logentry", 
        "fields": {
            "action_flag": 1, 
            "action_time": "2009-05-13 11:43:02", 
            "object_repr": "Madonna", 
            "object_id": "1", 
            "change_message": "", 
            "user": 1, 
            "content_type": 14
        }
    }, 
    {
        "pk": 2, 
        "model": "admin.logentry", 
        "fields": {
            "action_flag": 1, 
            "action_time": "2009-05-13 11:33:34", 
            "object_repr": "Honduras", 
            "object_id": "2", 
            "change_message": "", 
            "user": 1, 
            "content_type": 10
        }
    }, 
    {
        "pk": 1, 
        "model": "admin.logentry", 
        "fields": {
            "action_flag": 1, 
            "action_time": "2009-05-13 11:33:03", 
            "object_repr": "Costa Rica", 
            "object_id": "1", 
            "change_message": "", 
            "user": 1, 
            "content_type": 10
        }
    }, 
    {
        "pk": 1, 
        "model": "ticket.country", 
        "fields": {
            "created_at": "2009-05-13 11:33:03", 
            "is_deleted": false, 
            "updated_at": "2009-05-13 11:33:03", 
            "name": "Costa Rica"
        }
    }, 
    {
        "pk": 2, 
        "model": "ticket.country", 
        "fields": {
            "created_at": "2009-05-13 11:33:34", 
            "is_deleted": false, 
            "updated_at": "2009-05-13 11:33:34", 
            "name": "Honduras"
        }
    }, 
    {
        "pk": 3, 
        "model": "ticket.country", 
        "fields": {
            "created_at": "2009-05-13 11:52:48", 
            "is_deleted": false, 
            "updated_at": "2009-05-13 11:52:48", 
            "name": "Peru"
        }
    }, 
    {
        "pk": 1, 
        "model": "ticket.province", 
        "fields": {
            "country": 3, 
            "created_at": "2009-05-13 11:53:01", 
            "is_deleted": false, 
            "updated_at": "2009-05-13 11:53:01", 
            "name": "Lima"
        }
    }, 
    {
        "pk": 2, 
        "model": "ticket.province", 
        "fields": {
            "country": 1, 
            "created_at": "2009-06-05 14:51:49", 
            "is_deleted": false, 
            "updated_at": "2009-06-05 14:51:49", 
            "name": "San Jose"
        }
    }, 
    {
        "pk": 3, 
        "model": "ticket.province", 
        "fields": {
            "country": 1, 
            "created_at": "2009-06-05 14:52:06", 
            "is_deleted": false, 
            "updated_at": "2009-06-05 14:52:06", 
            "name": "Alajuela"
        }
    }, 
    {
        "pk": 4, 
        "model": "ticket.province", 
        "fields": {
            "country": 1, 
            "created_at": "2009-06-05 14:52:18", 
            "is_deleted": false, 
            "updated_at": "2009-06-05 14:52:18", 
            "name": "Heredia"
        }
    }, 
    {
        "pk": 5, 
        "model": "ticket.province", 
        "fields": {
            "country": 1, 
            "created_at": "2009-06-05 14:52:27", 
            "is_deleted": false, 
            "updated_at": "2009-06-05 14:52:27", 
            "name": "Cartago"
        }
    }, 
    {
        "pk": 6, 
        "model": "ticket.province", 
        "fields": {
            "country": 1, 
            "created_at": "2009-06-05 14:52:38", 
            "is_deleted": false, 
            "updated_at": "2009-06-05 14:52:38", 
            "name": "Guanacaste"
        }
    }, 
    {
        "pk": 7, 
        "model": "ticket.province", 
        "fields": {
            "country": 1, 
            "created_at": "2009-06-05 14:52:48", 
            "is_deleted": false, 
            "updated_at": "2009-06-05 14:52:48", 
            "name": "Puntarenas"
        }
    }, 
    {
        "pk": 8, 
        "model": "ticket.province", 
        "fields": {
            "country": 1, 
            "created_at": "2009-06-05 14:52:58", 
            "is_deleted": false, 
            "updated_at": "2009-06-05 14:52:58", 
            "name": "Limon"
        }
    }, 
    {
        "pk": 1, 
        "model": "ticket.auditorium", 
        "fields": {
            "province": 1, 
            "is_deleted": false, 
            "name": "Estadio Nacional", 
            "country": 3, 
            "created_at": "2009-05-13 11:53:30", 
            "is_active": true, 
            "updated_at": "2009-05-13 11:53:30", 
            "address": "asdnasdansld", 
            "image": "", 
            "description": "adsasdada"
        }
    }, 
    {
        "pk": 2, 
        "model": "ticket.auditorium", 
        "fields": {
            "province": 1, 
            "is_deleted": false, 
            "name": "Jockey del Peru", 
            "country": 3, 
            "created_at": "2009-05-13 12:37:48", 
            "is_active": true, 
            "updated_at": "2009-05-13 12:37:48", 
            "address": "asdasdasd", 
            "image": "", 
            "description": "asdasdasdasdas"
        }
    }, 
    {
        "pk": 1, 
        "model": "ticket.category", 
        "fields": {
            "created_at": "2009-06-04 15:48:33", 
            "is_deleted": false, 
            "updated_at": "2009-06-04 15:48:33", 
            "name": "Rock"
        }
    }, 
    {
        "pk": 2, 
        "model": "ticket.category", 
        "fields": {
            "created_at": "2009-06-04 15:48:39", 
            "is_deleted": false, 
            "updated_at": "2009-06-04 15:48:39", 
            "name": "Electronica"
        }
    }, 
    {
        "pk": 3, 
        "model": "ticket.category", 
        "fields": {
            "created_at": "2009-06-04 15:48:48", 
            "is_deleted": false, 
            "updated_at": "2009-06-04 15:48:48", 
            "name": "Metal"
        }
    }, 
    {
        "pk": 5, 
        "model": "ticket.category", 
        "fields": {
            "created_at": "2009-06-05 14:55:29", 
            "is_deleted": false, 
            "updated_at": "2009-06-05 14:55:29", 
            "name": "Alternativo"
        }
    }, 
    {
        "pk": 4, 
        "model": "ticket.category", 
        "fields": {
            "created_at": "2009-06-04 16:32:27", 
            "is_deleted": false, 
            "updated_at": "2009-06-05 15:10:00", 
            "name": "PopRock"
        }
    }, 
    {
        "pk": 6, 
        "model": "ticket.category", 
        "fields": {
            "created_at": "2009-06-07 11:48:37", 
            "is_deleted": false, 
            "updated_at": "2009-06-07 11:48:37", 
            "name": "Reggaeton"
        }
    }, 
    {
        "pk": 7, 
        "model": "ticket.category", 
        "fields": {
            "created_at": "2009-06-07 11:49:27", 
            "is_deleted": false, 
            "updated_at": "2009-06-07 11:49:27", 
            "name": "HipHop"
        }
    }, 
    {
        "pk": 8, 
        "model": "ticket.category", 
        "fields": {
            "created_at": "2009-06-07 11:49:40", 
            "is_deleted": false, 
            "updated_at": "2009-06-07 11:49:40", 
            "name": "Jazz"
        }
    }, 
    {
        "pk": 9, 
        "model": "ticket.category", 
        "fields": {
            "created_at": "2009-06-07 11:49:51", 
            "is_deleted": false, 
            "updated_at": "2009-06-07 11:49:51", 
            "name": "Electronica"
        }
    }, 
    {
        "pk": 10, 
        "model": "ticket.category", 
        "fields": {
            "created_at": "2009-06-07 11:50:03", 
            "is_deleted": false, 
            "updated_at": "2009-06-07 11:50:03", 
            "name": "Clasica"
        }
    }, 
    {
        "pk": 11, 
        "model": "ticket.category", 
        "fields": {
            "created_at": "2009-06-07 11:51:02", 
            "is_deleted": false, 
            "updated_at": "2009-06-07 11:51:02", 
            "name": "Folklore"
        }
    }, 
    {
        "pk": 3, 
        "model": "ticket.artist", 
        "fields": {
            "is_deleted": false, 
            "name": "Oasis", 
            "created_at": "2009-05-13 12:18:35", 
            "updated_at": "2009-05-13 12:18:35", 
            "image": "", 
            "biography": "adssad"
        }
    }, 
    {
        "pk": 4, 
        "model": "ticket.artist", 
        "fields": {
            "is_deleted": false, 
            "name": "Metallica", 
            "created_at": "2009-06-04 16:33:38", 
            "updated_at": "2009-06-04 16:33:38", 
            "image": "", 
            "biography": "Metallica es una de las grandes bandas de Metal a nivel mundial"
        }
    }, 
    {
        "pk": 5, 
        "model": "ticket.artist", 
        "fields": {
            "is_deleted": false, 
            "name": "The Killers", 
            "created_at": "2009-06-05 14:39:15", 
            "updated_at": "2009-06-05 14:39:15", 
            "image": "artist_images/the-killers.jpg", 
            "biography": "Brandon Flowers and his boys embark on a nationwide tour presenting their brilliant new album, \u2018Day And Age\u2019. Secure your tickets to see The Killers at one of their two Royal Albert Hall shows or their headline show at Hard Rock Calling."
        }
    }, 
    {
        "pk": 6, 
        "model": "ticket.artist", 
        "fields": {
            "is_deleted": false, 
            "name": "AC/DC", 
            "created_at": "2009-06-05 14:41:48", 
            "updated_at": "2009-06-05 14:41:48", 
            "image": "artist_images/acdc.jpg", 
            "biography": "AC/DC's mammoth power-chord roar became one of the most influential hard rock sounds of the '70s. In its own way, it was a reaction against the pompous art rock and lumbering arena rock of the early '70s. AC/DC's rock was minimalist -- no matter how huge and bludgeoning the guitar chords were, there was a clear sense of space and restraint. Combined with Bon Scott's larynx-shredding vocals, the band spawned countless imitators over the next two decades."
        }
    }, 
    {
        "pk": 7, 
        "model": "ticket.artist", 
        "fields": {
            "is_deleted": false, 
            "name": "Britney Spears", 
            "created_at": "2009-06-05 14:42:26", 
            "updated_at": "2009-06-05 14:42:26", 
            "image": "artist_images/britney-spears.jpg", 
            "biography": "More than any other single artist, Britney Spears was the driving force behind the return of teen pop in the late '90s. The blockbuster success of the Spice Girls and Backstreet Boys certainly paved the way for her own commercial breakthrough, but Spears didn't just become a star -- she was a bona fide pop phenomenon. Not only did she sell millions of records, she was a media fixture regardless of what she was (or wasn't) doing; among female singers of the era (many of whom followed in her footsteps), her celebrity star power was rivaled only by Jennifer Lopez. From the outset, Spears' sex appeal was an important part of her image; the video for her debut single, \"...Baby One More Time,\" outfitted her in full Catholic-school regalia, and sent her well on the way to becoming an international sex symbol. Yet Spears' handlers seemed to be trying to have it both ways -- there was a definite tension between the wholesome innocence Spears tried to project for her female audience, and the titillating sexuality that enticed so many male fans. Those marketing tactics made Spears a somewhat controversial figure, the subject of endless debates concerning appropriate role models for teenage girls. Early on, Spears tried to defuse the controversy by preaching abstinence until marriage, and even denied that she was consciously cultivating such a sexualized image. Of course, the more provocative and revealing her on-stage wardrobe became, the less plausible that claim seemed. But apart from her ability to tiptoe the line between virginal coquette and brazen tart, Spears had a secret weapon in Swedish pop mastermind Max Martin, who had a hand in the vast majority of her hits as a writer and/or producer. With Martin crafting the sort of contemporary dance-pop and sentimental ballads that made stars of the Backstreet Boys, Spears kept on delivering the goods commercially, as her first three albums all topped the charts."
        }
    }, 
    {
        "pk": 1, 
        "model": "ticket.artist", 
        "fields": {
            "is_deleted": false, 
            "name": "Madonna", 
            "created_at": "2009-05-13 11:43:02", 
            "updated_at": "2009-06-05 14:45:49", 
            "image": "artist_images/madonna.jpg", 
            "biography": "Nacio en Detroit el 16 de agosto de 1958"
        }
    }, 
    {
        "pk": 8, 
        "model": "ticket.artist", 
        "fields": {
            "is_deleted": false, 
            "name": "Coldplay", 
            "created_at": "2009-06-05 14:47:03", 
            "updated_at": "2009-06-05 14:47:03", 
            "image": "artist_images/coldplay.jpg", 
            "biography": "Coldplay never intended to become England's favorite rock & roll sons when their signature rock melodies ruled the charts throughout 2000. The Brit rock quartet -- composed of Chris Martin (vocals/piano), Jon Buckland (guitar), Will Champion (drums), and Guy Berryman (bass) -- yearned to mess around a bit, plucking their own acoustics for fun while attending the University College of London. All had been playing instruments since their early teens and had been influenced by the likes of Bob Dylan, the Stone Roses, Neil Young, and My Bloody Valentine."
        }
    }, 
    {
        "pk": 9, 
        "model": "ticket.artist", 
        "fields": {
            "is_deleted": false, 
            "name": "Kiss", 
            "created_at": "2009-06-05 14:47:40", 
            "updated_at": "2009-06-05 14:47:40", 
            "image": "artist_images/kiss.jpg", 
            "biography": "Rooted in the campy theatrics of Alice Cooper and the sleazy hard rock of glam rockers the New York Dolls, Kiss became a favorite of American teenagers in the '70s. Most kids were infatuated with the look of Kiss, not their music. Decked out in outrageously flamboyant costumes and makeup, the band fashioned a captivating stage show featuring dry ice, smoke bombs, elaborate lighting, blood spitting, and fire breathing that captured the imaginations of thousands of kids. But Kiss' music shouldn't be dismissed -- it was a commercially potent mix of anthemic, fist-pounding hard rock driven by sleek hooks and ballads powered by loud guitars, cloying melodies, and sweeping strings. It was a sound that laid the groundwork for both arena rock and the pop-metal that dominated rock in the late '80s."
        }
    }, 
    {
        "pk": 10, 
        "model": "ticket.artist", 
        "fields": {
            "is_deleted": false, 
            "name": "Oasis", 
            "created_at": "2009-06-05 14:48:17", 
            "updated_at": "2009-06-05 14:48:17", 
            "image": "artist_images/oasis-1.jpg", 
            "biography": "Oasis shot from obscurity to stardom in 1994, becoming one of Britain's most popular and critically acclaimed bands of the decade; along with Blur and Suede, they are responsible for returning British guitar pop to the top of the charts. Led by guitarist/songwriter Noel Gallagher, the Manchester quintet adopts the rough, thuggish image of the Stones and the Who, crosses it with \"Beatlesque\" melodies and hooks, distinctly British lyrical themes and song structures like the Jam and the Kinks, and ties it all together with a massive, loud guitar roar, as well as a defiant sneer that draws equally from the Sex Pistols' rebelliousness and the Stone Roses' cocksure arrogance. Gallagher's songs frequently rework previous hits from T. Rex (\"Cigarettes and Alcohol\" borrows the riff from \"Bang a Gong\") to Wham! (\"Fade Away\" takes the melody from \"Freedom\"), yet the group always puts the hooks in different settings, updating past hits for a new era."
        }
    }, 
    {
        "pk": 11, 
        "model": "ticket.artist", 
        "fields": {
            "is_deleted": false, 
            "name": "Pearl Jam", 
            "created_at": "2009-06-05 14:48:49", 
            "updated_at": "2009-06-05 14:48:49", 
            "image": "artist_images/pearl-jam.jpg", 
            "biography": "Pearl Jam rose from the ashes of Mother Love Bone to become the most popular American rock & roll band of the '90s. After vocalist Andrew Wood overdosed on heroin in 1990, guitarist Stone Gossard and bassist Jeff Ament assembled a new band, bringing in Mike McCready on lead guitar and recording a demo with Soundgarden's Matt Cameron on drums. Thanks to future Pearl Jam drummer Jack Irons, the demo found its way to a 25-year-old San Diego surfer named Eddie Vedder, who overdubbed vocals and original lyrics and was subsequently invited to join the band (then christened Mookie Blaylock after the NBA player). Dave Krusen was hired as the full-time drummer shortly thereafter, completing the original lineup. Renaming themselves Pearl Jam, the band recorded their debut album, Ten, in the beginning of 1991, although it wasn't released until August; in the meantime, the majority of the band appeared on the Andrew Wood tribute project Temple of the Dog. Krusen left the band shortly after the release of Ten; he was replaced by Dave Abbruzzese."
        }
    }, 
    {
        "pk": 2, 
        "model": "ticket.artist", 
        "fields": {
            "is_deleted": false, 
            "name": "Michael Jackson", 
            "created_at": "2009-05-13 12:17:53", 
            "updated_at": "2009-06-05 14:49:24", 
            "image": "artist_images/michael-jackson-2.jpg", 
            "biography": "Michael Jackson was unquestionably the biggest pop star of the '80s, and certainly one of the most popular recording artists of all time. In his prime, Jackson was an unstoppable juggernaut, possessed of all the tools to dominate the charts seemingly at will: an instantly identifiable voice, eye-popping dance moves, stunning musical versatility, and loads of sheer star power. His 1982 blockbuster Thriller became the biggest-selling album of all time (probably his best-known accomplishment), and he was the first black artist to find stardom on MTV, breaking down innumerable boundaries both for his race and for music video as an art form. Yet as Jackson's career began, very gradually, to descend from the dizzying heights of his peak years, most of the media's attention focused on his increasingly bizarre eccentricities; he was often depicted as an arrested man-child, completely sheltered from adult reality by a life spent in show business. The snickering turned to scandal in 1993, when Jackson was accused of molesting a 13-year-old boy; although he categorically denied the charges, his out-of-court settlement failed to restore his tarnished image. He never quite escaped the stigma of those allegations, and while he continued to sell records at superstar-like levels, he didn't release them with enough frequency (or, many critics thought, inspiration) to once again become better known for his music than his private life. Whether as a pop icon or a tabloid caricature, Jackson always remained bigger than life."
        }
    }, 
    {
        "pk": 12, 
        "model": "ticket.artist", 
        "fields": {
            "is_deleted": false, 
            "name": "U2", 
            "created_at": "2009-06-05 14:49:59", 
            "updated_at": "2009-06-05 14:49:59", 
            "image": "artist_images/u2.jpg", 
            "biography": "Through a combination of zealous righteousness and post-punk experimentalism, U2 became one of the most popular rock & roll bands of the '80s. Equally known for their sweeping sound as for their grandiose statements about politics and religion, they were rock & roll crusaders during an era of synthesized pop and heavy metal. The Edge provided the group with a signature sound by creating sweeping sonic landscapes with his heavily processed, echoed guitars. Though the Edge's style wasn't conventional, the rhythm section of Adam Clayton and Larry Mullen, Jr., played the songs as driving hard rock, giving the band a forceful, powerful edge that was designed for arena rock. And their lead singer, Bono, was a frontman who had a knack of grand gestures that played better in arenas than small clubs. It's no accident that footage of Bono parading with a white flag with \"Sunday Bloody Sunday\" blaring in the background became the defining moment of U2's early career -- there rarely was a band that believed so deeply in rock's potential for revolution as U2, and there rarely was a band that didn't care if they appeared foolish in the process. During the course of the early '80s, the group quickly built up a dedicated following through constant touring and a string of acclaimed records. By 1987, the band's following had grown large enough to propel them to the level of international superstars with the release of The Joshua Tree. Unlike many of their contemporaries, U2 was able to sustain their popularity in the '90s by reinventing themselves as a postmodern, self-consciously ironic dance-inflected pop/rock act, owing equally to the experimentalism of late-'70s Bowie and '90s electronic dance and techno. By performing such a successful reinvention, the band confirmed its status as one of the most popular bands in rock history, in addition to earning additional critical respect."
        }
    }, 
    {
        "pk": 13, 
        "model": "ticket.artist", 
        "fields": {
            "is_deleted": false, 
            "name": "Prodigy", 
            "created_at": "2009-06-07 17:12:50", 
            "updated_at": "2009-06-07 17:12:50", 
            "image": "artist_images/the-prodigy.jpg", 
            "biography": "The Prodigy navigated the high-wire, balancing artistic merit and mainstream visibility with more flair than any electronica act of the 1990s. Ably defeating the image-unconscious attitude of most electronic artists in favor of a focus on nominal frontman Keith Flint, the group crossed over to the mainstream of pop music with an incendiary live experience that approximated the original atmosphere of the British rave scene even while leaning uncomfortably close to arena-rock showmanship and punk theatrics. True, Flint's spiky hairstyle and numerous piercings often made for better advertising, but it was producer Liam Howlett whose studio wizardry launched the Prodigy to the top of the charts, spinning a web of hard-hitting breakbeat techno with king-sized hooks and unmissable samples. Despite electronic music's diversity and quick progression during the 1990s -- from rave/hardcore to ambient/downtempo and back again, thanks to the breakbeat/drum'n'bass movement -- Howlett modified the Prodigy's sound only sparingly; swapping the rave-whistle effects and ragga samples for metal chords and chanted vocals proved the only major difference in the band's evolution from their debut to their worldwide breakthrough with their third album The Fat of the Land. Even before the band took its place as the premiere dance act for the alternative masses, the Prodigy had proved a consistent entry in the British charts, with over a dozen consecutive singles in the Top 20."
        }
    }, 
    {
        "pk": 14, 
        "model": "ticket.artist", 
        "fields": {
            "is_deleted": false, 
            "name": "B. B. King", 
            "created_at": "2009-06-07 17:21:10", 
            "updated_at": "2009-06-07 17:21:10", 
            "image": "artist_images/bb-king.jpg", 
            "biography": "Universally hailed as the reigning king of the blues, the legendary B.B. King is without a doubt the single most important electric guitarist of the last half century. A contemporary blues guitar solo without at least a couple of recognizable King-inspired bent notes is all but unimaginable, and he remains a supremely confident singer capable of wringing every nuance from any lyric (and he's tried his hand at many an unlikely song, anybody recall his version of \"Love Me Tender?\").\r\n\r\nYet B.B. King remains an intrinsically humble superstar, an utterly accessible icon who welcomes visitors into his dressing room with self-effacing graciousness. Between 1951 and 1985, King notched an amazing 74 entries on Billboard's R&B charts, and he was one of the few full-fledged blues artists to score a major pop hit when his 1970 smash \"The Thrill Is Gone\" crossed over to mainstream success (engendering memorable appearances on The Ed Sullivan Show and American Bandstand)."
        }
    }, 
    {
        "pk": 15, 
        "model": "ticket.artist", 
        "fields": {
            "is_deleted": false, 
            "name": "Bethoven", 
            "created_at": "2009-06-07 17:43:22", 
            "updated_at": "2009-06-07 17:43:22", 
            "image": "artist_images/opera-and-classical.jpg", 
            "biography": "Beethoven Festival"
        }
    }, 
    {
        "pk": 9, 
        "model": "ticket.event", 
        "fields": {
            "category": 10, 
            "is_deleted": false, 
            "name": "Bethoven Festival", 
            "end_date": "2009-06-13", 
            "artist": 15, 
            "created_at": "2009-06-07 17:44:29", 
            "description": "Beethoven Festival", 
            "is_active": true, 
            "updated_at": "2009-06-22 04:45:26", 
            "is_prominent": false, 
            "image": "event_images/opera-and-classical.jpg", 
            "start_date": "2009-06-13", 
            "auditorium": 2
        }
    }, 
    {
        "pk": 8, 
        "model": "ticket.event", 
        "fields": {
            "category": 8, 
            "is_deleted": false, 
            "name": "B. B. King", 
            "end_date": "2009-06-28", 
            "artist": 14, 
            "created_at": "2009-06-07 17:22:17", 
            "description": "Representative Albums: \"Live at the Regal,\" \"Original Greatest Hits,\" \"Singin' the Blues/The Blues\"\r\nRepresentative Songs: \"The Thrill Is Gone,\" \"Every Day I Have the Blues,\" \"Sweet Sixteen\"", 
            "is_active": true, 
            "updated_at": "2009-06-22 04:45:27", 
            "is_prominent": false, 
            "image": "event_images/bb-king.jpg", 
            "start_date": "2009-06-24", 
            "auditorium": 2
        }
    }, 
    {
        "pk": 7, 
        "model": "ticket.event", 
        "fields": {
            "category": 2, 
            "is_deleted": false, 
            "name": "The Prodigy Tickets", 
            "end_date": "2009-06-25", 
            "artist": 13, 
            "created_at": "2009-06-07 17:14:47", 
            "description": "Secure your The Prodigy tickets now and see the mighty electro-rock/big-beat superstars on their extensive 2009 UK tour, including dates at London's Wembley Arena and The O2 Academy Brixton. Tickets to all Prodigy shows are now available through GET ME IN!", 
            "is_active": true, 
            "updated_at": "2009-06-22 04:45:32", 
            "is_prominent": false, 
            "image": "event_images/the-prodigy.jpg", 
            "start_date": "2009-06-12", 
            "auditorium": 2
        }
    }, 
    {
        "pk": 6, 
        "model": "ticket.event", 
        "fields": {
            "category": 4, 
            "is_deleted": false, 
            "name": "Britney Spears", 
            "end_date": "2009-06-17", 
            "artist": 7, 
            "created_at": "2009-06-05 15:45:46", 
            "description": "A series of exclusive shows at London\u2019s The O2 marks Britney\u2019s long-awaited comeback. See the the pop icon live with Britney Spears tickets from our GET ME IN! marketplace. ", 
            "is_active": true, 
            "updated_at": "2009-06-22 04:45:33", 
            "is_prominent": true, 
            "image": "event_images/britney-spears.jpg", 
            "start_date": "2009-06-10", 
            "auditorium": 2
        }
    }, 
    {
        "pk": 5, 
        "model": "ticket.event", 
        "fields": {
            "category": 4, 
            "is_deleted": false, 
            "name": "360 grados", 
            "end_date": "2009-06-22", 
            "artist": 12, 
            "created_at": "2009-06-05 15:40:32", 
            "description": "U2 return with their biggest and most advanced live production ever. Secure your concert tickets for the U2 360\u00b0 Tour and see U2 at London\u2019s Wembley Stadium, Glasgow\u2019s Hampden Park, Sheffield\u2019s Don Valley Stadium and the Millennium Stadium in Cardiff. Your chance to experience songs off their current #1 album \u2018No Line On The Horizon\u2019 and classic U2 anthems, such as \u2018Beautiful Day\u2019 \u2018Pride\u2019 or \u2018Vertigo\u2019.", 
            "is_active": true, 
            "updated_at": "2009-06-22 04:45:34", 
            "is_prominent": true, 
            "image": "event_images/u2.jpg", 
            "start_date": "2009-06-14", 
            "auditorium": 2
        }
    }, 
    {
        "pk": 4, 
        "model": "ticket.event", 
        "fields": {
            "category": 3, 
            "is_deleted": false, 
            "name": "Tour Death Magnetic", 
            "end_date": "2009-09-24", 
            "artist": 4, 
            "created_at": "2009-06-04 16:34:18", 
            "description": "Metallica en su tour de promocion de su nuevo album Death Magnetic", 
            "is_active": true, 
            "updated_at": "2009-06-22 04:45:34", 
            "is_prominent": false, 
            "image": "", 
            "start_date": "2009-09-24", 
            "auditorium": 1
        }
    }, 
    {
        "pk": 3, 
        "model": "ticket.event", 
        "fields": {
            "category": 4, 
            "is_deleted": false, 
            "name": "Michael Jackson 2009", 
            "end_date": "2009-05-31", 
            "artist": 2, 
            "created_at": "2009-05-13 12:38:41", 
            "description": "asdadasd", 
            "is_active": true, 
            "updated_at": "2009-06-22 04:45:34", 
            "is_prominent": true, 
            "image": "event_images/michael-jackson-2.jpg", 
            "start_date": "2009-05-13", 
            "auditorium": 1
        }
    }, 
    {
        "pk": 2, 
        "model": "ticket.event", 
        "fields": {
            "category": 1, 
            "is_deleted": false, 
            "name": "Oasis en Lima", 
            "end_date": "2009-05-31", 
            "artist": 3, 
            "created_at": "2009-05-13 12:38:14", 
            "description": "asdasda", 
            "is_active": true, 
            "updated_at": "2009-06-22 04:45:34", 
            "is_prominent": false, 
            "image": "event_images/oasis-1.jpg", 
            "start_date": "2009-05-13", 
            "auditorium": 2
        }
    }, 
    {
        "pk": 1, 
        "model": "ticket.event", 
        "fields": {
            "category": 4, 
            "is_deleted": false, 
            "name": "2009 Sticky & Sweet Tour", 
            "end_date": "2009-05-31", 
            "artist": 1, 
            "created_at": "2009-05-13 11:55:39", 
            "description": "The opening night of Madonna's 2009 Sticky & Sweet Tour is just 11 weeks away, and you can count on Icon and Madonna.com to keep you entertained until then\u2026", 
            "is_active": true, 
            "updated_at": "2009-06-22 04:45:35", 
            "is_prominent": false, 
            "image": "", 
            "start_date": "2009-05-13", 
            "auditorium": 1
        }
    }, 
    {
        "pk": 51, 
        "model": "ticket.presentation", 
        "fields": {
            "start_hour": "19:30:00", 
            "end_hour": "21:30:00", 
            "event": 2, 
            "day": "2009-05-13"
        }
    }, 
    {
        "pk": 33, 
        "model": "ticket.presentation", 
        "fields": {
            "start_hour": "19:00:00", 
            "end_hour": "21:00:00", 
            "event": 3, 
            "day": "2009-05-13"
        }
    }, 
    {
        "pk": 69, 
        "model": "ticket.presentation", 
        "fields": {
            "start_hour": "21:00:00", 
            "end_hour": "23:00:00", 
            "event": 1, 
            "day": "2009-05-13"
        }
    }, 
    {
        "pk": 34, 
        "model": "ticket.presentation", 
        "fields": {
            "start_hour": "20:00:00", 
            "end_hour": "22:00:00", 
            "event": 3, 
            "day": "2009-05-14"
        }
    }, 
    {
        "pk": 70, 
        "model": "ticket.presentation", 
        "fields": {
            "start_hour": "20:00:00", 
            "end_hour": "22:00:00", 
            "event": 1, 
            "day": "2009-05-14"
        }
    }, 
    {
        "pk": 52, 
        "model": "ticket.presentation", 
        "fields": {
            "start_hour": "20:00:00", 
            "end_hour": "22:00:00", 
            "event": 2, 
            "day": "2009-05-14"
        }
    }, 
    {
        "pk": 35, 
        "model": "ticket.presentation", 
        "fields": {
            "start_hour": "20:30:00", 
            "end_hour": "22:30:00", 
            "event": 3, 
            "day": "2009-05-15"
        }
    }, 
    {
        "pk": 53, 
        "model": "ticket.presentation", 
        "fields": {
            "start_hour": "20:00:00", 
            "end_hour": "22:00:00", 
            "event": 2, 
            "day": "2009-05-15"
        }
    }, 
    {
        "pk": 71, 
        "model": "ticket.presentation", 
        "fields": {
            "start_hour": "21:30:00", 
            "end_hour": "23:30:00", 
            "event": 1, 
            "day": "2009-05-15"
        }
    }, 
    {
        "pk": 36, 
        "model": "ticket.presentation", 
        "fields": {
            "start_hour": "19:00:00", 
            "end_hour": "21:00:00", 
            "event": 3, 
            "day": "2009-05-16"
        }
    }, 
    {
        "pk": 72, 
        "model": "ticket.presentation", 
        "fields": {
            "start_hour": "19:30:00", 
            "end_hour": "21:30:00", 
            "event": 1, 
            "day": "2009-05-16"
        }
    }, 
    {
        "pk": 54, 
        "model": "ticket.presentation", 
        "fields": {
            "start_hour": "19:00:00", 
            "end_hour": "21:00:00", 
            "event": 2, 
            "day": "2009-05-16"
        }
    }, 
    {
        "pk": 73, 
        "model": "ticket.presentation", 
        "fields": {
            "start_hour": "19:30:00", 
            "end_hour": "21:30:00", 
            "event": 1, 
            "day": "2009-05-17"
        }
    }, 
    {
        "pk": 37, 
        "model": "ticket.presentation", 
        "fields": {
            "start_hour": "20:30:00", 
            "end_hour": "22:30:00", 
            "event": 3, 
            "day": "2009-05-17"
        }
    }, 
    {
        "pk": 55, 
        "model": "ticket.presentation", 
        "fields": {
            "start_hour": "20:30:00", 
            "end_hour": "22:30:00", 
            "event": 2, 
            "day": "2009-05-17"
        }
    }, 
    {
        "pk": 56, 
        "model": "ticket.presentation", 
        "fields": {
            "start_hour": "21:30:00", 
            "end_hour": "23:30:00", 
            "event": 2, 
            "day": "2009-05-18"
        }
    }, 
    {
        "pk": 38, 
        "model": "ticket.presentation", 
        "fields": {
            "start_hour": "20:00:00", 
            "end_hour": "22:00:00", 
            "event": 3, 
            "day": "2009-05-18"
        }
    }, 
    {
        "pk": 74, 
        "model": "ticket.presentation", 
        "fields": {
            "start_hour": "20:30:00", 
            "end_hour": "22:30:00", 
            "event": 1, 
            "day": "2009-05-18"
        }
    }, 
    {
        "pk": 39, 
        "model": "ticket.presentation", 
        "fields": {
            "start_hour": "19:00:00", 
            "end_hour": "21:00:00", 
            "event": 3, 
            "day": "2009-05-19"
        }
    }, 
    {
        "pk": 75, 
        "model": "ticket.presentation", 
        "fields": {
            "start_hour": "21:00:00", 
            "end_hour": "23:00:00", 
            "event": 1, 
            "day": "2009-05-19"
        }
    }, 
    {
        "pk": 57, 
        "model": "ticket.presentation", 
        "fields": {
            "start_hour": "20:00:00", 
            "end_hour": "22:00:00", 
            "event": 2, 
            "day": "2009-05-19"
        }
    }, 
    {
        "pk": 76, 
        "model": "ticket.presentation", 
        "fields": {
            "start_hour": "19:30:00", 
            "end_hour": "21:30:00", 
            "event": 1, 
            "day": "2009-05-20"
        }
    }, 
    {
        "pk": 58, 
        "model": "ticket.presentation", 
        "fields": {
            "start_hour": "21:00:00", 
            "end_hour": "23:00:00", 
            "event": 2, 
            "day": "2009-05-20"
        }
    }, 
    {
        "pk": 40, 
        "model": "ticket.presentation", 
        "fields": {
            "start_hour": "21:00:00", 
            "end_hour": "23:00:00", 
            "event": 3, 
            "day": "2009-05-20"
        }
    }, 
    {
        "pk": 77, 
        "model": "ticket.presentation", 
        "fields": {
            "start_hour": "19:00:00", 
            "end_hour": "21:00:00", 
            "event": 1, 
            "day": "2009-05-21"
        }
    }, 
    {
        "pk": 59, 
        "model": "ticket.presentation", 
        "fields": {
            "start_hour": "19:30:00", 
            "end_hour": "21:30:00", 
            "event": 2, 
            "day": "2009-05-21"
        }
    }, 
    {
        "pk": 41, 
        "model": "ticket.presentation", 
        "fields": {
            "start_hour": "19:00:00", 
            "end_hour": "21:00:00", 
            "event": 3, 
            "day": "2009-05-21"
        }
    }, 
    {
        "pk": 60, 
        "model": "ticket.presentation", 
        "fields": {
            "start_hour": "20:30:00", 
            "end_hour": "22:30:00", 
            "event": 2, 
            "day": "2009-05-22"
        }
    }, 
    {
        "pk": 42, 
        "model": "ticket.presentation", 
        "fields": {
            "start_hour": "20:00:00", 
            "end_hour": "22:00:00", 
            "event": 3, 
            "day": "2009-05-22"
        }
    }, 
    {
        "pk": 78, 
        "model": "ticket.presentation", 
        "fields": {
            "start_hour": "19:00:00", 
            "end_hour": "21:00:00", 
            "event": 1, 
            "day": "2009-05-22"
        }
    }, 
    {
        "pk": 61, 
        "model": "ticket.presentation", 
        "fields": {
            "start_hour": "19:30:00", 
            "end_hour": "21:30:00", 
            "event": 2, 
            "day": "2009-05-23"
        }
    }, 
    {
        "pk": 79, 
        "model": "ticket.presentation", 
        "fields": {
            "start_hour": "19:00:00", 
            "end_hour": "21:00:00", 
            "event": 1, 
            "day": "2009-05-23"
        }
    }, 
    {
        "pk": 43, 
        "model": "ticket.presentation", 
        "fields": {
            "start_hour": "20:30:00", 
            "end_hour": "22:30:00", 
            "event": 3, 
            "day": "2009-05-23"
        }
    }, 
    {
        "pk": 44, 
        "model": "ticket.presentation", 
        "fields": {
            "start_hour": "20:30:00", 
            "end_hour": "22:30:00", 
            "event": 3, 
            "day": "2009-05-24"
        }
    }, 
    {
        "pk": 80, 
        "model": "ticket.presentation", 
        "fields": {
            "start_hour": "20:30:00", 
            "end_hour": "22:30:00", 
            "event": 1, 
            "day": "2009-05-24"
        }
    }, 
    {
        "pk": 62, 
        "model": "ticket.presentation", 
        "fields": {
            "start_hour": "21:00:00", 
            "end_hour": "23:00:00", 
            "event": 2, 
            "day": "2009-05-24"
        }
    }, 
    {
        "pk": 81, 
        "model": "ticket.presentation", 
        "fields": {
            "start_hour": "20:00:00", 
            "end_hour": "22:00:00", 
            "event": 1, 
            "day": "2009-05-25"
        }
    }, 
    {
        "pk": 63, 
        "model": "ticket.presentation", 
        "fields": {
            "start_hour": "21:00:00", 
            "end_hour": "23:00:00", 
            "event": 2, 
            "day": "2009-05-25"
        }
    }, 
    {
        "pk": 45, 
        "model": "ticket.presentation", 
        "fields": {
            "start_hour": "20:00:00", 
            "end_hour": "22:00:00", 
            "event": 3, 
            "day": "2009-05-25"
        }
    }, 
    {
        "pk": 64, 
        "model": "ticket.presentation", 
        "fields": {
            "start_hour": "20:00:00", 
            "end_hour": "22:00:00", 
            "event": 2, 
            "day": "2009-05-26"
        }
    }, 
    {
        "pk": 82, 
        "model": "ticket.presentation", 
        "fields": {
            "start_hour": "20:00:00", 
            "end_hour": "22:00:00", 
            "event": 1, 
            "day": "2009-05-26"
        }
    }, 
    {
        "pk": 46, 
        "model": "ticket.presentation", 
        "fields": {
            "start_hour": "19:30:00", 
            "end_hour": "21:30:00", 
            "event": 3, 
            "day": "2009-05-26"
        }
    }, 
    {
        "pk": 83, 
        "model": "ticket.presentation", 
        "fields": {
            "start_hour": "21:00:00", 
            "end_hour": "23:00:00", 
            "event": 1, 
            "day": "2009-05-27"
        }
    }, 
    {
        "pk": 47, 
        "model": "ticket.presentation", 
        "fields": {
            "start_hour": "20:00:00", 
            "end_hour": "22:00:00", 
            "event": 3, 
            "day": "2009-05-27"
        }
    }, 
    {
        "pk": 65, 
        "model": "ticket.presentation", 
        "fields": {
            "start_hour": "20:00:00", 
            "end_hour": "22:00:00", 
            "event": 2, 
            "day": "2009-05-27"
        }
    }, 
    {
        "pk": 84, 
        "model": "ticket.presentation", 
        "fields": {
            "start_hour": "20:00:00", 
            "end_hour": "22:00:00", 
            "event": 1, 
            "day": "2009-05-28"
        }
    }, 
    {
        "pk": 48, 
        "model": "ticket.presentation", 
        "fields": {
            "start_hour": "20:00:00", 
            "end_hour": "22:00:00", 
            "event": 3, 
            "day": "2009-05-28"
        }
    }, 
    {
        "pk": 66, 
        "model": "ticket.presentation", 
        "fields": {
            "start_hour": "20:00:00", 
            "end_hour": "22:00:00", 
            "event": 2, 
            "day": "2009-05-28"
        }
    }, 
    {
        "pk": 85, 
        "model": "ticket.presentation", 
        "fields": {
            "start_hour": "20:30:00", 
            "end_hour": "22:30:00", 
            "event": 1, 
            "day": "2009-05-29"
        }
    }, 
    {
        "pk": 49, 
        "model": "ticket.presentation", 
        "fields": {
            "start_hour": "19:00:00", 
            "end_hour": "21:00:00", 
            "event": 3, 
            "day": "2009-05-29"
        }
    }, 
    {
        "pk": 67, 
        "model": "ticket.presentation", 
        "fields": {
            "start_hour": "19:00:00", 
            "end_hour": "21:00:00", 
            "event": 2, 
            "day": "2009-05-29"
        }
    }, 
    {
        "pk": 68, 
        "model": "ticket.presentation", 
        "fields": {
            "start_hour": "20:30:00", 
            "end_hour": "22:30:00", 
            "event": 2, 
            "day": "2009-05-30"
        }
    }, 
    {
        "pk": 86, 
        "model": "ticket.presentation", 
        "fields": {
            "start_hour": "20:00:00", 
            "end_hour": "22:00:00", 
            "event": 1, 
            "day": "2009-05-30"
        }
    }, 
    {
        "pk": 50, 
        "model": "ticket.presentation", 
        "fields": {
            "start_hour": "21:30:00", 
            "end_hour": "23:30:00", 
            "event": 3, 
            "day": "2009-05-30"
        }
    }, 
    {
        "pk": 93, 
        "model": "ticket.presentation", 
        "fields": {
            "start_hour": "21:00:00", 
            "end_hour": "23:00:00", 
            "event": 3, 
            "day": "2009-05-31"
        }
    }, 
    {
        "pk": 95, 
        "model": "ticket.presentation", 
        "fields": {
            "start_hour": "21:00:00", 
            "end_hour": "23:00:00", 
            "event": 1, 
            "day": "2009-05-31"
        }
    }, 
    {
        "pk": 94, 
        "model": "ticket.presentation", 
        "fields": {
            "start_hour": "19:00:00", 
            "end_hour": "21:00:00", 
            "event": 2, 
            "day": "2009-05-31"
        }
    }, 
    {
        "pk": 18, 
        "model": "ticket.presentation", 
        "fields": {
            "start_hour": "21:00:00", 
            "end_hour": "23:00:00", 
            "event": 6, 
            "day": "2009-06-10"
        }
    }, 
    {
        "pk": 19, 
        "model": "ticket.presentation", 
        "fields": {
            "start_hour": "19:00:00", 
            "end_hour": "21:00:00", 
            "event": 6, 
            "day": "2009-06-11"
        }
    }, 
    {
        "pk": 20, 
        "model": "ticket.presentation", 
        "fields": {
            "start_hour": "19:00:00", 
            "end_hour": "21:00:00", 
            "event": 6, 
            "day": "2009-06-12"
        }
    }, 
    {
        "pk": 5, 
        "model": "ticket.presentation", 
        "fields": {
            "start_hour": "20:00:00", 
            "end_hour": "22:00:00", 
            "event": 7, 
            "day": "2009-06-12"
        }
    }, 
    {
        "pk": 87, 
        "model": "ticket.presentation", 
        "fields": {
            "start_hour": "20:00:00", 
            "end_hour": "22:00:00", 
            "event": 9, 
            "day": "2009-06-13"
        }
    }, 
    {
        "pk": 6, 
        "model": "ticket.presentation", 
        "fields": {
            "start_hour": "19:00:00", 
            "end_hour": "21:00:00", 
            "event": 7, 
            "day": "2009-06-13"
        }
    }, 
    {
        "pk": 21, 
        "model": "ticket.presentation", 
        "fields": {
            "start_hour": "21:30:00", 
            "end_hour": "23:30:00", 
            "event": 6, 
            "day": "2009-06-13"
        }
    }, 
    {
        "pk": 7, 
        "model": "ticket.presentation", 
        "fields": {
            "start_hour": "20:00:00", 
            "end_hour": "22:00:00", 
            "event": 7, 
            "day": "2009-06-14"
        }
    }, 
    {
        "pk": 25, 
        "model": "ticket.presentation", 
        "fields": {
            "start_hour": "20:00:00", 
            "end_hour": "22:00:00", 
            "event": 5, 
            "day": "2009-06-14"
        }
    }, 
    {
        "pk": 22, 
        "model": "ticket.presentation", 
        "fields": {
            "start_hour": "19:30:00", 
            "end_hour": "21:30:00", 
            "event": 6, 
            "day": "2009-06-14"
        }
    }, 
    {
        "pk": 23, 
        "model": "ticket.presentation", 
        "fields": {
            "start_hour": "21:30:00", 
            "end_hour": "23:30:00", 
            "event": 6, 
            "day": "2009-06-15"
        }
    }, 
    {
        "pk": 8, 
        "model": "ticket.presentation", 
        "fields": {
            "start_hour": "20:00:00", 
            "end_hour": "22:00:00", 
            "event": 7, 
            "day": "2009-06-15"
        }
    }, 
    {
        "pk": 26, 
        "model": "ticket.presentation", 
        "fields": {
            "start_hour": "19:30:00", 
            "end_hour": "21:30:00", 
            "event": 5, 
            "day": "2009-06-15"
        }
    }, 
    {
        "pk": 27, 
        "model": "ticket.presentation", 
        "fields": {
            "start_hour": "20:00:00", 
            "end_hour": "22:00:00", 
            "event": 5, 
            "day": "2009-06-16"
        }
    }, 
    {
        "pk": 9, 
        "model": "ticket.presentation", 
        "fields": {
            "start_hour": "20:00:00", 
            "end_hour": "22:00:00", 
            "event": 7, 
            "day": "2009-06-16"
        }
    }, 
    {
        "pk": 24, 
        "model": "ticket.presentation", 
        "fields": {
            "start_hour": "21:30:00", 
            "end_hour": "23:30:00", 
            "event": 6, 
            "day": "2009-06-16"
        }
    }, 
    {
        "pk": 28, 
        "model": "ticket.presentation", 
        "fields": {
            "start_hour": "20:00:00", 
            "end_hour": "22:00:00", 
            "event": 5, 
            "day": "2009-06-17"
        }
    }, 
    {
        "pk": 90, 
        "model": "ticket.presentation", 
        "fields": {
            "start_hour": "21:30:00", 
            "end_hour": "23:30:00", 
            "event": 6, 
            "day": "2009-06-17"
        }
    }, 
    {
        "pk": 10, 
        "model": "ticket.presentation", 
        "fields": {
            "start_hour": "19:00:00", 
            "end_hour": "21:00:00", 
            "event": 7, 
            "day": "2009-06-17"
        }
    }, 
    {
        "pk": 11, 
        "model": "ticket.presentation", 
        "fields": {
            "start_hour": "20:30:00", 
            "end_hour": "22:30:00", 
            "event": 7, 
            "day": "2009-06-18"
        }
    }, 
    {
        "pk": 29, 
        "model": "ticket.presentation", 
        "fields": {
            "start_hour": "19:30:00", 
            "end_hour": "21:30:00", 
            "event": 5, 
            "day": "2009-06-18"
        }
    }, 
    {
        "pk": 12, 
        "model": "ticket.presentation", 
        "fields": {
            "start_hour": "19:30:00", 
            "end_hour": "21:30:00", 
            "event": 7, 
            "day": "2009-06-19"
        }
    }, 
    {
        "pk": 30, 
        "model": "ticket.presentation", 
        "fields": {
            "start_hour": "21:00:00", 
            "end_hour": "23:00:00", 
            "event": 5, 
            "day": "2009-06-19"
        }
    }, 
    {
        "pk": 13, 
        "model": "ticket.presentation", 
        "fields": {
            "start_hour": "21:30:00", 
            "end_hour": "23:30:00", 
            "event": 7, 
            "day": "2009-06-20"
        }
    }, 
    {
        "pk": 31, 
        "model": "ticket.presentation", 
        "fields": {
            "start_hour": "21:30:00", 
            "end_hour": "23:30:00", 
            "event": 5, 
            "day": "2009-06-20"
        }
    }, 
    {
        "pk": 32, 
        "model": "ticket.presentation", 
        "fields": {
            "start_hour": "21:30:00", 
            "end_hour": "23:30:00", 
            "event": 5, 
            "day": "2009-06-21"
        }
    }, 
    {
        "pk": 14, 
        "model": "ticket.presentation", 
        "fields": {
            "start_hour": "19:00:00", 
            "end_hour": "21:00:00", 
            "event": 7, 
            "day": "2009-06-21"
        }
    }, 
    {
        "pk": 91, 
        "model": "ticket.presentation", 
        "fields": {
            "start_hour": "20:00:00", 
            "end_hour": "22:00:00", 
            "event": 5, 
            "day": "2009-06-22"
        }
    }, 
    {
        "pk": 15, 
        "model": "ticket.presentation", 
        "fields": {
            "start_hour": "19:30:00", 
            "end_hour": "21:30:00", 
            "event": 7, 
            "day": "2009-06-22"
        }
    }, 
    {
        "pk": 16, 
        "model": "ticket.presentation", 
        "fields": {
            "start_hour": "21:30:00", 
            "end_hour": "23:30:00", 
            "event": 7, 
            "day": "2009-06-23"
        }
    }, 
    {
        "pk": 17, 
        "model": "ticket.presentation", 
        "fields": {
            "start_hour": "19:30:00", 
            "end_hour": "21:30:00", 
            "event": 7, 
            "day": "2009-06-24"
        }
    }, 
    {
        "pk": 1, 
        "model": "ticket.presentation", 
        "fields": {
            "start_hour": "20:00:00", 
            "end_hour": "22:00:00", 
            "event": 8, 
            "day": "2009-06-24"
        }
    }, 
    {
        "pk": 2, 
        "model": "ticket.presentation", 
        "fields": {
            "start_hour": "20:00:00", 
            "end_hour": "22:00:00", 
            "event": 8, 
            "day": "2009-06-25"
        }
    }, 
    {
        "pk": 89, 
        "model": "ticket.presentation", 
        "fields": {
            "start_hour": "19:00:00", 
            "end_hour": "21:00:00", 
            "event": 7, 
            "day": "2009-06-25"
        }
    }, 
    {
        "pk": 3, 
        "model": "ticket.presentation", 
        "fields": {
            "start_hour": "21:30:00", 
            "end_hour": "23:30:00", 
            "event": 8, 
            "day": "2009-06-26"
        }
    }, 
    {
        "pk": 4, 
        "model": "ticket.presentation", 
        "fields": {
            "start_hour": "20:00:00", 
            "end_hour": "22:00:00", 
            "event": 8, 
            "day": "2009-06-27"
        }
    }, 
    {
        "pk": 88, 
        "model": "ticket.presentation", 
        "fields": {
            "start_hour": "19:30:00", 
            "end_hour": "21:30:00", 
            "event": 8, 
            "day": "2009-06-28"
        }
    }, 
    {
        "pk": 92, 
        "model": "ticket.presentation", 
        "fields": {
            "start_hour": "20:30:00", 
            "end_hour": "22:30:00", 
            "event": 4, 
            "day": "2009-09-24"
        }
    }, 
    {
        "pk": 11, 
        "model": "ticket.zone", 
        "fields": {
            "is_deleted": false, 
            "name": "VIP", 
            "price": 100.0, 
            "updated_at": "2009-06-15 03:23:32", 
            "presentation": 8, 
            "created_at": "2009-06-15 03:23:32", 
            "quantity": 200
        }
    }, 
    {
        "pk": 12, 
        "model": "ticket.zone", 
        "fields": {
            "is_deleted": false, 
            "name": "General", 
            "price": 50.0, 
            "updated_at": "2009-06-15 03:23:32", 
            "presentation": 8, 
            "created_at": "2009-06-15 03:23:32", 
            "quantity": 1000
        }
    }, 
    {
        "pk": 13, 
        "model": "ticket.zone", 
        "fields": {
            "is_deleted": false, 
            "name": "VIP", 
            "price": 100.0, 
            "updated_at": "2009-06-15 03:23:32", 
            "presentation": 9, 
            "created_at": "2009-06-15 03:23:32", 
            "quantity": 200
        }
    }, 
    {
        "pk": 14, 
        "model": "ticket.zone", 
        "fields": {
            "is_deleted": false, 
            "name": "General", 
            "price": 50.0, 
            "updated_at": "2009-06-15 03:23:32", 
            "presentation": 9, 
            "created_at": "2009-06-15 03:23:32", 
            "quantity": 1000
        }
    }, 
    {
        "pk": 15, 
        "model": "ticket.zone", 
        "fields": {
            "is_deleted": false, 
            "name": "VIP", 
            "price": 100.0, 
            "updated_at": "2009-06-15 03:23:32", 
            "presentation": 10, 
            "created_at": "2009-06-15 03:23:32", 
            "quantity": 200
        }
    }, 
    {
        "pk": 17, 
        "model": "ticket.zone", 
        "fields": {
            "is_deleted": false, 
            "name": "VIP", 
            "price": 100.0, 
            "updated_at": "2009-06-15 03:23:32", 
            "presentation": 11, 
            "created_at": "2009-06-15 03:23:32", 
            "quantity": 200
        }
    }, 
    {
        "pk": 18, 
        "model": "ticket.zone", 
        "fields": {
            "is_deleted": false, 
            "name": "General", 
            "price": 50.0, 
            "updated_at": "2009-06-15 03:23:32", 
            "presentation": 11, 
            "created_at": "2009-06-15 03:23:32", 
            "quantity": 1000
        }
    }, 
    {
        "pk": 19, 
        "model": "ticket.zone", 
        "fields": {
            "is_deleted": false, 
            "name": "VIP", 
            "price": 100.0, 
            "updated_at": "2009-06-15 03:23:32", 
            "presentation": 12, 
            "created_at": "2009-06-15 03:23:32", 
            "quantity": 200
        }
    }, 
    {
        "pk": 20, 
        "model": "ticket.zone", 
        "fields": {
            "is_deleted": false, 
            "name": "General", 
            "price": 50.0, 
            "updated_at": "2009-06-15 03:23:32", 
            "presentation": 12, 
            "created_at": "2009-06-15 03:23:32", 
            "quantity": 1000
        }
    }, 
    {
        "pk": 21, 
        "model": "ticket.zone", 
        "fields": {
            "is_deleted": false, 
            "name": "VIP", 
            "price": 100.0, 
            "updated_at": "2009-06-15 03:23:32", 
            "presentation": 13, 
            "created_at": "2009-06-15 03:23:32", 
            "quantity": 200
        }
    }, 
    {
        "pk": 22, 
        "model": "ticket.zone", 
        "fields": {
            "is_deleted": false, 
            "name": "General", 
            "price": 50.0, 
            "updated_at": "2009-06-15 03:23:32", 
            "presentation": 13, 
            "created_at": "2009-06-15 03:23:32", 
            "quantity": 1000
        }
    }, 
    {
        "pk": 23, 
        "model": "ticket.zone", 
        "fields": {
            "is_deleted": false, 
            "name": "VIP", 
            "price": 100.0, 
            "updated_at": "2009-06-15 03:23:32", 
            "presentation": 91, 
            "created_at": "2009-06-15 03:23:32", 
            "quantity": 200
        }
    }, 
    {
        "pk": 24, 
        "model": "ticket.zone", 
        "fields": {
            "is_deleted": false, 
            "name": "General", 
            "price": 50.0, 
            "updated_at": "2009-06-15 03:23:32", 
            "presentation": 91, 
            "created_at": "2009-06-15 03:23:32", 
            "quantity": 1000
        }
    }, 
    {
        "pk": 25, 
        "model": "ticket.zone", 
        "fields": {
            "is_deleted": false, 
            "name": "VIP", 
            "price": 100.0, 
            "updated_at": "2009-06-15 03:23:32", 
            "presentation": 25, 
            "created_at": "2009-06-15 03:23:32", 
            "quantity": 200
        }
    }, 
    {
        "pk": 26, 
        "model": "ticket.zone", 
        "fields": {
            "is_deleted": false, 
            "name": "General", 
            "price": 50.0, 
            "updated_at": "2009-06-15 03:23:32", 
            "presentation": 25, 
            "created_at": "2009-06-15 03:23:32", 
            "quantity": 1000
        }
    }, 
    {
        "pk": 27, 
        "model": "ticket.zone", 
        "fields": {
            "is_deleted": false, 
            "name": "VIP", 
            "price": 100.0, 
            "updated_at": "2009-06-15 03:23:32", 
            "presentation": 26, 
            "created_at": "2009-06-15 03:23:32", 
            "quantity": 200
        }
    }, 
    {
        "pk": 28, 
        "model": "ticket.zone", 
        "fields": {
            "is_deleted": false, 
            "name": "General", 
            "price": 50.0, 
            "updated_at": "2009-06-15 03:23:32", 
            "presentation": 26, 
            "created_at": "2009-06-15 03:23:32", 
            "quantity": 1000
        }
    }, 
    {
        "pk": 29, 
        "model": "ticket.zone", 
        "fields": {
            "is_deleted": false, 
            "name": "VIP", 
            "price": 100.0, 
            "updated_at": "2009-06-15 03:23:32", 
            "presentation": 27, 
            "created_at": "2009-06-15 03:23:32", 
            "quantity": 200
        }
    }, 
    {
        "pk": 30, 
        "model": "ticket.zone", 
        "fields": {
            "is_deleted": false, 
            "name": "General", 
            "price": 50.0, 
            "updated_at": "2009-06-15 03:23:32", 
            "presentation": 27, 
            "created_at": "2009-06-15 03:23:32", 
            "quantity": 1000
        }
    }, 
    {
        "pk": 31, 
        "model": "ticket.zone", 
        "fields": {
            "is_deleted": false, 
            "name": "VIP", 
            "price": 100.0, 
            "updated_at": "2009-06-15 03:23:32", 
            "presentation": 28, 
            "created_at": "2009-06-15 03:23:32", 
            "quantity": 200
        }
    }, 
    {
        "pk": 32, 
        "model": "ticket.zone", 
        "fields": {
            "is_deleted": false, 
            "name": "General", 
            "price": 50.0, 
            "updated_at": "2009-06-15 03:23:32", 
            "presentation": 28, 
            "created_at": "2009-06-15 03:23:32", 
            "quantity": 1000
        }
    }, 
    {
        "pk": 33, 
        "model": "ticket.zone", 
        "fields": {
            "is_deleted": false, 
            "name": "VIP", 
            "price": 100.0, 
            "updated_at": "2009-06-15 03:23:32", 
            "presentation": 29, 
            "created_at": "2009-06-15 03:23:32", 
            "quantity": 200
        }
    }, 
    {
        "pk": 34, 
        "model": "ticket.zone", 
        "fields": {
            "is_deleted": false, 
            "name": "General", 
            "price": 50.0, 
            "updated_at": "2009-06-15 03:23:32", 
            "presentation": 29, 
            "created_at": "2009-06-15 03:23:32", 
            "quantity": 1000
        }
    }, 
    {
        "pk": 35, 
        "model": "ticket.zone", 
        "fields": {
            "is_deleted": false, 
            "name": "VIP", 
            "price": 100.0, 
            "updated_at": "2009-06-15 03:23:32", 
            "presentation": 30, 
            "created_at": "2009-06-15 03:23:32", 
            "quantity": 200
        }
    }, 
    {
        "pk": 36, 
        "model": "ticket.zone", 
        "fields": {
            "is_deleted": false, 
            "name": "General", 
            "price": 50.0, 
            "updated_at": "2009-06-15 03:23:32", 
            "presentation": 30, 
            "created_at": "2009-06-15 03:23:32", 
            "quantity": 1000
        }
    }, 
    {
        "pk": 37, 
        "model": "ticket.zone", 
        "fields": {
            "is_deleted": false, 
            "name": "VIP", 
            "price": 100.0, 
            "updated_at": "2009-06-15 03:23:32", 
            "presentation": 31, 
            "created_at": "2009-06-15 03:23:32", 
            "quantity": 200
        }
    }, 
    {
        "pk": 38, 
        "model": "ticket.zone", 
        "fields": {
            "is_deleted": false, 
            "name": "General", 
            "price": 50.0, 
            "updated_at": "2009-06-15 03:23:32", 
            "presentation": 31, 
            "created_at": "2009-06-15 03:23:32", 
            "quantity": 1000
        }
    }, 
    {
        "pk": 39, 
        "model": "ticket.zone", 
        "fields": {
            "is_deleted": false, 
            "name": "VIP", 
            "price": 100.0, 
            "updated_at": "2009-06-15 03:23:32", 
            "presentation": 32, 
            "created_at": "2009-06-15 03:23:32", 
            "quantity": 200
        }
    }, 
    {
        "pk": 40, 
        "model": "ticket.zone", 
        "fields": {
            "is_deleted": false, 
            "name": "General", 
            "price": 50.0, 
            "updated_at": "2009-06-15 03:23:32", 
            "presentation": 32, 
            "created_at": "2009-06-15 03:23:32", 
            "quantity": 1000
        }
    }, 
    {
        "pk": 41, 
        "model": "ticket.zone", 
        "fields": {
            "is_deleted": false, 
            "name": "VIP", 
            "price": 100.0, 
            "updated_at": "2009-06-15 03:23:32", 
            "presentation": 92, 
            "created_at": "2009-06-15 03:23:32", 
            "quantity": 200
        }
    }, 
    {
        "pk": 42, 
        "model": "ticket.zone", 
        "fields": {
            "is_deleted": false, 
            "name": "General", 
            "price": 50.0, 
            "updated_at": "2009-06-15 03:23:32", 
            "presentation": 92, 
            "created_at": "2009-06-15 03:23:32", 
            "quantity": 1000
        }
    }, 
    {
        "pk": 43, 
        "model": "ticket.zone", 
        "fields": {
            "is_deleted": false, 
            "name": "VIP", 
            "price": 100.0, 
            "updated_at": "2009-06-15 03:23:32", 
            "presentation": 33, 
            "created_at": "2009-06-15 03:23:32", 
            "quantity": 200
        }
    }, 
    {
        "pk": 44, 
        "model": "ticket.zone", 
        "fields": {
            "is_deleted": false, 
            "name": "General", 
            "price": 50.0, 
            "updated_at": "2009-06-15 03:23:32", 
            "presentation": 33, 
            "created_at": "2009-06-15 03:23:32", 
            "quantity": 1000
        }
    }, 
    {
        "pk": 45, 
        "model": "ticket.zone", 
        "fields": {
            "is_deleted": false, 
            "name": "VIP", 
            "price": 100.0, 
            "updated_at": "2009-06-15 03:23:32", 
            "presentation": 34, 
            "created_at": "2009-06-15 03:23:32", 
            "quantity": 200
        }
    }, 
    {
        "pk": 46, 
        "model": "ticket.zone", 
        "fields": {
            "is_deleted": false, 
            "name": "General", 
            "price": 50.0, 
            "updated_at": "2009-06-15 03:23:32", 
            "presentation": 34, 
            "created_at": "2009-06-15 03:23:32", 
            "quantity": 1000
        }
    }, 
    {
        "pk": 47, 
        "model": "ticket.zone", 
        "fields": {
            "is_deleted": false, 
            "name": "VIP", 
            "price": 100.0, 
            "updated_at": "2009-06-15 03:23:32", 
            "presentation": 35, 
            "created_at": "2009-06-15 03:23:32", 
            "quantity": 200
        }
    }, 
    {
        "pk": 48, 
        "model": "ticket.zone", 
        "fields": {
            "is_deleted": false, 
            "name": "General", 
            "price": 50.0, 
            "updated_at": "2009-06-15 03:23:32", 
            "presentation": 35, 
            "created_at": "2009-06-15 03:23:32", 
            "quantity": 1000
        }
    }, 
    {
        "pk": 49, 
        "model": "ticket.zone", 
        "fields": {
            "is_deleted": false, 
            "name": "VIP", 
            "price": 100.0, 
            "updated_at": "2009-06-15 03:23:32", 
            "presentation": 36, 
            "created_at": "2009-06-15 03:23:32", 
            "quantity": 200
        }
    }, 
    {
        "pk": 50, 
        "model": "ticket.zone", 
        "fields": {
            "is_deleted": false, 
            "name": "General", 
            "price": 50.0, 
            "updated_at": "2009-06-15 03:23:32", 
            "presentation": 36, 
            "created_at": "2009-06-15 03:23:32", 
            "quantity": 1000
        }
    }, 
    {
        "pk": 51, 
        "model": "ticket.zone", 
        "fields": {
            "is_deleted": false, 
            "name": "VIP", 
            "price": 100.0, 
            "updated_at": "2009-06-15 03:23:32", 
            "presentation": 37, 
            "created_at": "2009-06-15 03:23:32", 
            "quantity": 200
        }
    }, 
    {
        "pk": 52, 
        "model": "ticket.zone", 
        "fields": {
            "is_deleted": false, 
            "name": "General", 
            "price": 50.0, 
            "updated_at": "2009-06-15 03:23:32", 
            "presentation": 37, 
            "created_at": "2009-06-15 03:23:32", 
            "quantity": 1000
        }
    }, 
    {
        "pk": 53, 
        "model": "ticket.zone", 
        "fields": {
            "is_deleted": false, 
            "name": "VIP", 
            "price": 100.0, 
            "updated_at": "2009-06-15 03:23:32", 
            "presentation": 38, 
            "created_at": "2009-06-15 03:23:32", 
            "quantity": 200
        }
    }, 
    {
        "pk": 54, 
        "model": "ticket.zone", 
        "fields": {
            "is_deleted": false, 
            "name": "General", 
            "price": 50.0, 
            "updated_at": "2009-06-15 03:23:32", 
            "presentation": 38, 
            "created_at": "2009-06-15 03:23:32", 
            "quantity": 1000
        }
    }, 
    {
        "pk": 55, 
        "model": "ticket.zone", 
        "fields": {
            "is_deleted": false, 
            "name": "VIP", 
            "price": 100.0, 
            "updated_at": "2009-06-15 03:23:32", 
            "presentation": 39, 
            "created_at": "2009-06-15 03:23:32", 
            "quantity": 200
        }
    }, 
    {
        "pk": 56, 
        "model": "ticket.zone", 
        "fields": {
            "is_deleted": false, 
            "name": "General", 
            "price": 50.0, 
            "updated_at": "2009-06-15 03:23:32", 
            "presentation": 39, 
            "created_at": "2009-06-15 03:23:32", 
            "quantity": 1000
        }
    }, 
    {
        "pk": 57, 
        "model": "ticket.zone", 
        "fields": {
            "is_deleted": false, 
            "name": "VIP", 
            "price": 100.0, 
            "updated_at": "2009-06-15 03:23:32", 
            "presentation": 40, 
            "created_at": "2009-06-15 03:23:32", 
            "quantity": 200
        }
    }, 
    {
        "pk": 58, 
        "model": "ticket.zone", 
        "fields": {
            "is_deleted": false, 
            "name": "General", 
            "price": 50.0, 
            "updated_at": "2009-06-15 03:23:32", 
            "presentation": 40, 
            "created_at": "2009-06-15 03:23:32", 
            "quantity": 1000
        }
    }, 
    {
        "pk": 59, 
        "model": "ticket.zone", 
        "fields": {
            "is_deleted": false, 
            "name": "VIP", 
            "price": 100.0, 
            "updated_at": "2009-06-15 03:23:32", 
            "presentation": 41, 
            "created_at": "2009-06-15 03:23:32", 
            "quantity": 200
        }
    }, 
    {
        "pk": 60, 
        "model": "ticket.zone", 
        "fields": {
            "is_deleted": false, 
            "name": "General", 
            "price": 50.0, 
            "updated_at": "2009-06-15 03:23:32", 
            "presentation": 41, 
            "created_at": "2009-06-15 03:23:32", 
            "quantity": 1000
        }
    }, 
    {
        "pk": 61, 
        "model": "ticket.zone", 
        "fields": {
            "is_deleted": false, 
            "name": "VIP", 
            "price": 100.0, 
            "updated_at": "2009-06-15 03:23:32", 
            "presentation": 42, 
            "created_at": "2009-06-15 03:23:32", 
            "quantity": 200
        }
    }, 
    {
        "pk": 62, 
        "model": "ticket.zone", 
        "fields": {
            "is_deleted": false, 
            "name": "General", 
            "price": 50.0, 
            "updated_at": "2009-06-15 03:23:32", 
            "presentation": 42, 
            "created_at": "2009-06-15 03:23:32", 
            "quantity": 1000
        }
    }, 
    {
        "pk": 63, 
        "model": "ticket.zone", 
        "fields": {
            "is_deleted": false, 
            "name": "VIP", 
            "price": 100.0, 
            "updated_at": "2009-06-15 03:23:32", 
            "presentation": 43, 
            "created_at": "2009-06-15 03:23:32", 
            "quantity": 200
        }
    }, 
    {
        "pk": 64, 
        "model": "ticket.zone", 
        "fields": {
            "is_deleted": false, 
            "name": "General", 
            "price": 50.0, 
            "updated_at": "2009-06-15 03:23:32", 
            "presentation": 43, 
            "created_at": "2009-06-15 03:23:32", 
            "quantity": 1000
        }
    }, 
    {
        "pk": 65, 
        "model": "ticket.zone", 
        "fields": {
            "is_deleted": false, 
            "name": "VIP", 
            "price": 100.0, 
            "updated_at": "2009-06-15 03:23:32", 
            "presentation": 44, 
            "created_at": "2009-06-15 03:23:32", 
            "quantity": 200
        }
    }, 
    {
        "pk": 66, 
        "model": "ticket.zone", 
        "fields": {
            "is_deleted": false, 
            "name": "General", 
            "price": 50.0, 
            "updated_at": "2009-06-15 03:23:32", 
            "presentation": 44, 
            "created_at": "2009-06-15 03:23:32", 
            "quantity": 1000
        }
    }, 
    {
        "pk": 67, 
        "model": "ticket.zone", 
        "fields": {
            "is_deleted": false, 
            "name": "VIP", 
            "price": 100.0, 
            "updated_at": "2009-06-15 03:23:32", 
            "presentation": 45, 
            "created_at": "2009-06-15 03:23:32", 
            "quantity": 200
        }
    }, 
    {
        "pk": 68, 
        "model": "ticket.zone", 
        "fields": {
            "is_deleted": false, 
            "name": "General", 
            "price": 50.0, 
            "updated_at": "2009-06-15 03:23:32", 
            "presentation": 45, 
            "created_at": "2009-06-15 03:23:32", 
            "quantity": 1000
        }
    }, 
    {
        "pk": 69, 
        "model": "ticket.zone", 
        "fields": {
            "is_deleted": false, 
            "name": "VIP", 
            "price": 100.0, 
            "updated_at": "2009-06-15 03:23:32", 
            "presentation": 46, 
            "created_at": "2009-06-15 03:23:32", 
            "quantity": 200
        }
    }, 
    {
        "pk": 70, 
        "model": "ticket.zone", 
        "fields": {
            "is_deleted": false, 
            "name": "General", 
            "price": 50.0, 
            "updated_at": "2009-06-15 03:23:32", 
            "presentation": 46, 
            "created_at": "2009-06-15 03:23:32", 
            "quantity": 1000
        }
    }, 
    {
        "pk": 71, 
        "model": "ticket.zone", 
        "fields": {
            "is_deleted": false, 
            "name": "VIP", 
            "price": 100.0, 
            "updated_at": "2009-06-15 03:23:32", 
            "presentation": 47, 
            "created_at": "2009-06-15 03:23:32", 
            "quantity": 200
        }
    }, 
    {
        "pk": 72, 
        "model": "ticket.zone", 
        "fields": {
            "is_deleted": false, 
            "name": "General", 
            "price": 50.0, 
            "updated_at": "2009-06-15 03:23:32", 
            "presentation": 47, 
            "created_at": "2009-06-15 03:23:32", 
            "quantity": 1000
        }
    }, 
    {
        "pk": 73, 
        "model": "ticket.zone", 
        "fields": {
            "is_deleted": false, 
            "name": "VIP", 
            "price": 100.0, 
            "updated_at": "2009-06-15 03:23:32", 
            "presentation": 48, 
            "created_at": "2009-06-15 03:23:32", 
            "quantity": 200
        }
    }, 
    {
        "pk": 74, 
        "model": "ticket.zone", 
        "fields": {
            "is_deleted": false, 
            "name": "General", 
            "price": 50.0, 
            "updated_at": "2009-06-15 03:23:32", 
            "presentation": 48, 
            "created_at": "2009-06-15 03:23:32", 
            "quantity": 1000
        }
    }, 
    {
        "pk": 75, 
        "model": "ticket.zone", 
        "fields": {
            "is_deleted": false, 
            "name": "VIP", 
            "price": 100.0, 
            "updated_at": "2009-06-15 03:23:32", 
            "presentation": 49, 
            "created_at": "2009-06-15 03:23:32", 
            "quantity": 200
        }
    }, 
    {
        "pk": 76, 
        "model": "ticket.zone", 
        "fields": {
            "is_deleted": false, 
            "name": "General", 
            "price": 50.0, 
            "updated_at": "2009-06-15 03:23:32", 
            "presentation": 49, 
            "created_at": "2009-06-15 03:23:32", 
            "quantity": 1000
        }
    }, 
    {
        "pk": 77, 
        "model": "ticket.zone", 
        "fields": {
            "is_deleted": false, 
            "name": "VIP", 
            "price": 100.0, 
            "updated_at": "2009-06-15 03:23:32", 
            "presentation": 50, 
            "created_at": "2009-06-15 03:23:32", 
            "quantity": 200
        }
    }, 
    {
        "pk": 78, 
        "model": "ticket.zone", 
        "fields": {
            "is_deleted": false, 
            "name": "General", 
            "price": 50.0, 
            "updated_at": "2009-06-15 03:23:32", 
            "presentation": 50, 
            "created_at": "2009-06-15 03:23:32", 
            "quantity": 1000
        }
    }, 
    {
        "pk": 79, 
        "model": "ticket.zone", 
        "fields": {
            "is_deleted": false, 
            "name": "VIP", 
            "price": 100.0, 
            "updated_at": "2009-06-15 03:23:32", 
            "presentation": 93, 
            "created_at": "2009-06-15 03:23:32", 
            "quantity": 200
        }
    }, 
    {
        "pk": 80, 
        "model": "ticket.zone", 
        "fields": {
            "is_deleted": false, 
            "name": "General", 
            "price": 50.0, 
            "updated_at": "2009-06-15 03:23:32", 
            "presentation": 93, 
            "created_at": "2009-06-15 03:23:32", 
            "quantity": 1000
        }
    }, 
    {
        "pk": 81, 
        "model": "ticket.zone", 
        "fields": {
            "is_deleted": false, 
            "name": "VIP", 
            "price": 100.0, 
            "updated_at": "2009-06-15 03:23:33", 
            "presentation": 51, 
            "created_at": "2009-06-15 03:23:33", 
            "quantity": 200
        }
    }, 
    {
        "pk": 82, 
        "model": "ticket.zone", 
        "fields": {
            "is_deleted": false, 
            "name": "General", 
            "price": 50.0, 
            "updated_at": "2009-06-15 03:23:33", 
            "presentation": 51, 
            "created_at": "2009-06-15 03:23:33", 
            "quantity": 1000
        }
    }, 
    {
        "pk": 83, 
        "model": "ticket.zone", 
        "fields": {
            "is_deleted": false, 
            "name": "VIP", 
            "price": 100.0, 
            "updated_at": "2009-06-15 03:23:33", 
            "presentation": 52, 
            "created_at": "2009-06-15 03:23:33", 
            "quantity": 200
        }
    }, 
    {
        "pk": 84, 
        "model": "ticket.zone", 
        "fields": {
            "is_deleted": false, 
            "name": "General", 
            "price": 50.0, 
            "updated_at": "2009-06-15 03:23:33", 
            "presentation": 52, 
            "created_at": "2009-06-15 03:23:33", 
            "quantity": 1000
        }
    }, 
    {
        "pk": 85, 
        "model": "ticket.zone", 
        "fields": {
            "is_deleted": false, 
            "name": "VIP", 
            "price": 100.0, 
            "updated_at": "2009-06-15 03:23:33", 
            "presentation": 53, 
            "created_at": "2009-06-15 03:23:33", 
            "quantity": 200
        }
    }, 
    {
        "pk": 86, 
        "model": "ticket.zone", 
        "fields": {
            "is_deleted": false, 
            "name": "General", 
            "price": 50.0, 
            "updated_at": "2009-06-15 03:23:33", 
            "presentation": 53, 
            "created_at": "2009-06-15 03:23:33", 
            "quantity": 1000
        }
    }, 
    {
        "pk": 87, 
        "model": "ticket.zone", 
        "fields": {
            "is_deleted": false, 
            "name": "VIP", 
            "price": 100.0, 
            "updated_at": "2009-06-15 03:23:33", 
            "presentation": 54, 
            "created_at": "2009-06-15 03:23:33", 
            "quantity": 200
        }
    }, 
    {
        "pk": 88, 
        "model": "ticket.zone", 
        "fields": {
            "is_deleted": false, 
            "name": "General", 
            "price": 50.0, 
            "updated_at": "2009-06-15 03:23:33", 
            "presentation": 54, 
            "created_at": "2009-06-15 03:23:33", 
            "quantity": 1000
        }
    }, 
    {
        "pk": 89, 
        "model": "ticket.zone", 
        "fields": {
            "is_deleted": false, 
            "name": "VIP", 
            "price": 100.0, 
            "updated_at": "2009-06-15 03:23:33", 
            "presentation": 55, 
            "created_at": "2009-06-15 03:23:33", 
            "quantity": 200
        }
    }, 
    {
        "pk": 90, 
        "model": "ticket.zone", 
        "fields": {
            "is_deleted": false, 
            "name": "General", 
            "price": 50.0, 
            "updated_at": "2009-06-15 03:23:33", 
            "presentation": 55, 
            "created_at": "2009-06-15 03:23:33", 
            "quantity": 1000
        }
    }, 
    {
        "pk": 91, 
        "model": "ticket.zone", 
        "fields": {
            "is_deleted": false, 
            "name": "VIP", 
            "price": 100.0, 
            "updated_at": "2009-06-15 03:23:33", 
            "presentation": 56, 
            "created_at": "2009-06-15 03:23:33", 
            "quantity": 200
        }
    }, 
    {
        "pk": 92, 
        "model": "ticket.zone", 
        "fields": {
            "is_deleted": false, 
            "name": "General", 
            "price": 50.0, 
            "updated_at": "2009-06-15 03:23:33", 
            "presentation": 56, 
            "created_at": "2009-06-15 03:23:33", 
            "quantity": 1000
        }
    }, 
    {
        "pk": 93, 
        "model": "ticket.zone", 
        "fields": {
            "is_deleted": false, 
            "name": "VIP", 
            "price": 100.0, 
            "updated_at": "2009-06-15 03:23:33", 
            "presentation": 57, 
            "created_at": "2009-06-15 03:23:33", 
            "quantity": 200
        }
    }, 
    {
        "pk": 94, 
        "model": "ticket.zone", 
        "fields": {
            "is_deleted": false, 
            "name": "General", 
            "price": 50.0, 
            "updated_at": "2009-06-15 03:23:33", 
            "presentation": 57, 
            "created_at": "2009-06-15 03:23:33", 
            "quantity": 1000
        }
    }, 
    {
        "pk": 95, 
        "model": "ticket.zone", 
        "fields": {
            "is_deleted": false, 
            "name": "VIP", 
            "price": 100.0, 
            "updated_at": "2009-06-15 03:23:33", 
            "presentation": 58, 
            "created_at": "2009-06-15 03:23:33", 
            "quantity": 200
        }
    }, 
    {
        "pk": 96, 
        "model": "ticket.zone", 
        "fields": {
            "is_deleted": false, 
            "name": "General", 
            "price": 50.0, 
            "updated_at": "2009-06-15 03:23:33", 
            "presentation": 58, 
            "created_at": "2009-06-15 03:23:33", 
            "quantity": 1000
        }
    }, 
    {
        "pk": 97, 
        "model": "ticket.zone", 
        "fields": {
            "is_deleted": false, 
            "name": "VIP", 
            "price": 100.0, 
            "updated_at": "2009-06-15 03:23:33", 
            "presentation": 59, 
            "created_at": "2009-06-15 03:23:33", 
            "quantity": 200
        }
    }, 
    {
        "pk": 98, 
        "model": "ticket.zone", 
        "fields": {
            "is_deleted": false, 
            "name": "General", 
            "price": 50.0, 
            "updated_at": "2009-06-15 03:23:33", 
            "presentation": 59, 
            "created_at": "2009-06-15 03:23:33", 
            "quantity": 1000
        }
    }, 
    {
        "pk": 99, 
        "model": "ticket.zone", 
        "fields": {
            "is_deleted": false, 
            "name": "VIP", 
            "price": 100.0, 
            "updated_at": "2009-06-15 03:23:33", 
            "presentation": 60, 
            "created_at": "2009-06-15 03:23:33", 
            "quantity": 200
        }
    }, 
    {
        "pk": 100, 
        "model": "ticket.zone", 
        "fields": {
            "is_deleted": false, 
            "name": "General", 
            "price": 50.0, 
            "updated_at": "2009-06-15 03:23:33", 
            "presentation": 60, 
            "created_at": "2009-06-15 03:23:33", 
            "quantity": 1000
        }
    }, 
    {
        "pk": 101, 
        "model": "ticket.zone", 
        "fields": {
            "is_deleted": false, 
            "name": "VIP", 
            "price": 100.0, 
            "updated_at": "2009-06-15 03:23:33", 
            "presentation": 61, 
            "created_at": "2009-06-15 03:23:33", 
            "quantity": 200
        }
    }, 
    {
        "pk": 102, 
        "model": "ticket.zone", 
        "fields": {
            "is_deleted": false, 
            "name": "General", 
            "price": 50.0, 
            "updated_at": "2009-06-15 03:23:33", 
            "presentation": 61, 
            "created_at": "2009-06-15 03:23:33", 
            "quantity": 1000
        }
    }, 
    {
        "pk": 103, 
        "model": "ticket.zone", 
        "fields": {
            "is_deleted": false, 
            "name": "VIP", 
            "price": 100.0, 
            "updated_at": "2009-06-15 03:23:33", 
            "presentation": 62, 
            "created_at": "2009-06-15 03:23:33", 
            "quantity": 200
        }
    }, 
    {
        "pk": 104, 
        "model": "ticket.zone", 
        "fields": {
            "is_deleted": false, 
            "name": "General", 
            "price": 50.0, 
            "updated_at": "2009-06-15 03:23:33", 
            "presentation": 62, 
            "created_at": "2009-06-15 03:23:33", 
            "quantity": 1000
        }
    }, 
    {
        "pk": 105, 
        "model": "ticket.zone", 
        "fields": {
            "is_deleted": false, 
            "name": "VIP", 
            "price": 100.0, 
            "updated_at": "2009-06-15 03:23:33", 
            "presentation": 63, 
            "created_at": "2009-06-15 03:23:33", 
            "quantity": 200
        }
    }, 
    {
        "pk": 106, 
        "model": "ticket.zone", 
        "fields": {
            "is_deleted": false, 
            "name": "General", 
            "price": 50.0, 
            "updated_at": "2009-06-15 03:23:33", 
            "presentation": 63, 
            "created_at": "2009-06-15 03:23:33", 
            "quantity": 1000
        }
    }, 
    {
        "pk": 107, 
        "model": "ticket.zone", 
        "fields": {
            "is_deleted": false, 
            "name": "VIP", 
            "price": 100.0, 
            "updated_at": "2009-06-15 03:23:33", 
            "presentation": 64, 
            "created_at": "2009-06-15 03:23:33", 
            "quantity": 200
        }
    }, 
    {
        "pk": 9, 
        "model": "ticket.zone", 
        "fields": {
            "is_deleted": false, 
            "name": "VIP", 
            "price": 100.0, 
            "updated_at": "2009-06-15 08:50:24", 
            "presentation": 87, 
            "created_at": "2009-06-15 03:18:59", 
            "quantity": 199
        }
    }, 
    {
        "pk": 10, 
        "model": "ticket.zone", 
        "fields": {
            "is_deleted": false, 
            "name": "General", 
            "price": 50.0, 
            "updated_at": "2009-06-15 09:04:11", 
            "presentation": 87, 
            "created_at": "2009-06-15 03:18:59", 
            "quantity": 994
        }
    }, 
    {
        "pk": 108, 
        "model": "ticket.zone", 
        "fields": {
            "is_deleted": false, 
            "name": "General", 
            "price": 50.0, 
            "updated_at": "2009-06-15 03:23:33", 
            "presentation": 64, 
            "created_at": "2009-06-15 03:23:33", 
            "quantity": 1000
        }
    }, 
    {
        "pk": 109, 
        "model": "ticket.zone", 
        "fields": {
            "is_deleted": false, 
            "name": "VIP", 
            "price": 100.0, 
            "updated_at": "2009-06-15 03:23:33", 
            "presentation": 65, 
            "created_at": "2009-06-15 03:23:33", 
            "quantity": 200
        }
    }, 
    {
        "pk": 110, 
        "model": "ticket.zone", 
        "fields": {
            "is_deleted": false, 
            "name": "General", 
            "price": 50.0, 
            "updated_at": "2009-06-15 03:23:33", 
            "presentation": 65, 
            "created_at": "2009-06-15 03:23:33", 
            "quantity": 1000
        }
    }, 
    {
        "pk": 111, 
        "model": "ticket.zone", 
        "fields": {
            "is_deleted": false, 
            "name": "VIP", 
            "price": 100.0, 
            "updated_at": "2009-06-15 03:23:33", 
            "presentation": 66, 
            "created_at": "2009-06-15 03:23:33", 
            "quantity": 200
        }
    }, 
    {
        "pk": 112, 
        "model": "ticket.zone", 
        "fields": {
            "is_deleted": false, 
            "name": "General", 
            "price": 50.0, 
            "updated_at": "2009-06-15 03:23:33", 
            "presentation": 66, 
            "created_at": "2009-06-15 03:23:33", 
            "quantity": 1000
        }
    }, 
    {
        "pk": 113, 
        "model": "ticket.zone", 
        "fields": {
            "is_deleted": false, 
            "name": "VIP", 
            "price": 100.0, 
            "updated_at": "2009-06-15 03:23:33", 
            "presentation": 67, 
            "created_at": "2009-06-15 03:23:33", 
            "quantity": 200
        }
    }, 
    {
        "pk": 114, 
        "model": "ticket.zone", 
        "fields": {
            "is_deleted": false, 
            "name": "General", 
            "price": 50.0, 
            "updated_at": "2009-06-15 03:23:33", 
            "presentation": 67, 
            "created_at": "2009-06-15 03:23:33", 
            "quantity": 1000
        }
    }, 
    {
        "pk": 115, 
        "model": "ticket.zone", 
        "fields": {
            "is_deleted": false, 
            "name": "VIP", 
            "price": 100.0, 
            "updated_at": "2009-06-15 03:23:33", 
            "presentation": 68, 
            "created_at": "2009-06-15 03:23:33", 
            "quantity": 200
        }
    }, 
    {
        "pk": 116, 
        "model": "ticket.zone", 
        "fields": {
            "is_deleted": false, 
            "name": "General", 
            "price": 50.0, 
            "updated_at": "2009-06-15 03:23:33", 
            "presentation": 68, 
            "created_at": "2009-06-15 03:23:33", 
            "quantity": 1000
        }
    }, 
    {
        "pk": 117, 
        "model": "ticket.zone", 
        "fields": {
            "is_deleted": false, 
            "name": "VIP", 
            "price": 100.0, 
            "updated_at": "2009-06-15 03:23:33", 
            "presentation": 94, 
            "created_at": "2009-06-15 03:23:33", 
            "quantity": 200
        }
    }, 
    {
        "pk": 118, 
        "model": "ticket.zone", 
        "fields": {
            "is_deleted": false, 
            "name": "General", 
            "price": 50.0, 
            "updated_at": "2009-06-15 03:23:33", 
            "presentation": 94, 
            "created_at": "2009-06-15 03:23:33", 
            "quantity": 1000
        }
    }, 
    {
        "pk": 119, 
        "model": "ticket.zone", 
        "fields": {
            "is_deleted": false, 
            "name": "VIP", 
            "price": 100.0, 
            "updated_at": "2009-06-15 03:23:33", 
            "presentation": 69, 
            "created_at": "2009-06-15 03:23:33", 
            "quantity": 200
        }
    }, 
    {
        "pk": 120, 
        "model": "ticket.zone", 
        "fields": {
            "is_deleted": false, 
            "name": "General", 
            "price": 50.0, 
            "updated_at": "2009-06-15 03:23:33", 
            "presentation": 69, 
            "created_at": "2009-06-15 03:23:33", 
            "quantity": 1000
        }
    }, 
    {
        "pk": 121, 
        "model": "ticket.zone", 
        "fields": {
            "is_deleted": false, 
            "name": "VIP", 
            "price": 100.0, 
            "updated_at": "2009-06-15 03:23:33", 
            "presentation": 70, 
            "created_at": "2009-06-15 03:23:33", 
            "quantity": 200
        }
    }, 
    {
        "pk": 122, 
        "model": "ticket.zone", 
        "fields": {
            "is_deleted": false, 
            "name": "General", 
            "price": 50.0, 
            "updated_at": "2009-06-15 03:23:33", 
            "presentation": 70, 
            "created_at": "2009-06-15 03:23:33", 
            "quantity": 1000
        }
    }, 
    {
        "pk": 123, 
        "model": "ticket.zone", 
        "fields": {
            "is_deleted": false, 
            "name": "VIP", 
            "price": 100.0, 
            "updated_at": "2009-06-15 03:23:33", 
            "presentation": 71, 
            "created_at": "2009-06-15 03:23:33", 
            "quantity": 200
        }
    }, 
    {
        "pk": 124, 
        "model": "ticket.zone", 
        "fields": {
            "is_deleted": false, 
            "name": "General", 
            "price": 50.0, 
            "updated_at": "2009-06-15 03:23:33", 
            "presentation": 71, 
            "created_at": "2009-06-15 03:23:33", 
            "quantity": 1000
        }
    }, 
    {
        "pk": 125, 
        "model": "ticket.zone", 
        "fields": {
            "is_deleted": false, 
            "name": "VIP", 
            "price": 100.0, 
            "updated_at": "2009-06-15 03:23:33", 
            "presentation": 72, 
            "created_at": "2009-06-15 03:23:33", 
            "quantity": 200
        }
    }, 
    {
        "pk": 126, 
        "model": "ticket.zone", 
        "fields": {
            "is_deleted": false, 
            "name": "General", 
            "price": 50.0, 
            "updated_at": "2009-06-15 03:23:33", 
            "presentation": 72, 
            "created_at": "2009-06-15 03:23:33", 
            "quantity": 1000
        }
    }, 
    {
        "pk": 127, 
        "model": "ticket.zone", 
        "fields": {
            "is_deleted": false, 
            "name": "VIP", 
            "price": 100.0, 
            "updated_at": "2009-06-15 03:23:33", 
            "presentation": 73, 
            "created_at": "2009-06-15 03:23:33", 
            "quantity": 200
        }
    }, 
    {
        "pk": 128, 
        "model": "ticket.zone", 
        "fields": {
            "is_deleted": false, 
            "name": "General", 
            "price": 50.0, 
            "updated_at": "2009-06-15 03:23:33", 
            "presentation": 73, 
            "created_at": "2009-06-15 03:23:33", 
            "quantity": 1000
        }
    }, 
    {
        "pk": 129, 
        "model": "ticket.zone", 
        "fields": {
            "is_deleted": false, 
            "name": "VIP", 
            "price": 100.0, 
            "updated_at": "2009-06-15 03:23:33", 
            "presentation": 74, 
            "created_at": "2009-06-15 03:23:33", 
            "quantity": 200
        }
    }, 
    {
        "pk": 130, 
        "model": "ticket.zone", 
        "fields": {
            "is_deleted": false, 
            "name": "General", 
            "price": 50.0, 
            "updated_at": "2009-06-15 03:23:33", 
            "presentation": 74, 
            "created_at": "2009-06-15 03:23:33", 
            "quantity": 1000
        }
    }, 
    {
        "pk": 131, 
        "model": "ticket.zone", 
        "fields": {
            "is_deleted": false, 
            "name": "VIP", 
            "price": 100.0, 
            "updated_at": "2009-06-15 03:23:33", 
            "presentation": 75, 
            "created_at": "2009-06-15 03:23:33", 
            "quantity": 200
        }
    }, 
    {
        "pk": 132, 
        "model": "ticket.zone", 
        "fields": {
            "is_deleted": false, 
            "name": "General", 
            "price": 50.0, 
            "updated_at": "2009-06-15 03:23:33", 
            "presentation": 75, 
            "created_at": "2009-06-15 03:23:33", 
            "quantity": 1000
        }
    }, 
    {
        "pk": 133, 
        "model": "ticket.zone", 
        "fields": {
            "is_deleted": false, 
            "name": "VIP", 
            "price": 100.0, 
            "updated_at": "2009-06-15 03:23:33", 
            "presentation": 76, 
            "created_at": "2009-06-15 03:23:33", 
            "quantity": 200
        }
    }, 
    {
        "pk": 134, 
        "model": "ticket.zone", 
        "fields": {
            "is_deleted": false, 
            "name": "General", 
            "price": 50.0, 
            "updated_at": "2009-06-15 03:23:33", 
            "presentation": 76, 
            "created_at": "2009-06-15 03:23:33", 
            "quantity": 1000
        }
    }, 
    {
        "pk": 135, 
        "model": "ticket.zone", 
        "fields": {
            "is_deleted": false, 
            "name": "VIP", 
            "price": 100.0, 
            "updated_at": "2009-06-15 03:23:33", 
            "presentation": 77, 
            "created_at": "2009-06-15 03:23:33", 
            "quantity": 200
        }
    }, 
    {
        "pk": 136, 
        "model": "ticket.zone", 
        "fields": {
            "is_deleted": false, 
            "name": "General", 
            "price": 50.0, 
            "updated_at": "2009-06-15 03:23:33", 
            "presentation": 77, 
            "created_at": "2009-06-15 03:23:33", 
            "quantity": 1000
        }
    }, 
    {
        "pk": 137, 
        "model": "ticket.zone", 
        "fields": {
            "is_deleted": false, 
            "name": "VIP", 
            "price": 100.0, 
            "updated_at": "2009-06-15 03:23:33", 
            "presentation": 78, 
            "created_at": "2009-06-15 03:23:33", 
            "quantity": 200
        }
    }, 
    {
        "pk": 138, 
        "model": "ticket.zone", 
        "fields": {
            "is_deleted": false, 
            "name": "General", 
            "price": 50.0, 
            "updated_at": "2009-06-15 03:23:33", 
            "presentation": 78, 
            "created_at": "2009-06-15 03:23:33", 
            "quantity": 1000
        }
    }, 
    {
        "pk": 139, 
        "model": "ticket.zone", 
        "fields": {
            "is_deleted": false, 
            "name": "VIP", 
            "price": 100.0, 
            "updated_at": "2009-06-15 03:23:33", 
            "presentation": 79, 
            "created_at": "2009-06-15 03:23:33", 
            "quantity": 200
        }
    }, 
    {
        "pk": 140, 
        "model": "ticket.zone", 
        "fields": {
            "is_deleted": false, 
            "name": "General", 
            "price": 50.0, 
            "updated_at": "2009-06-15 03:23:33", 
            "presentation": 79, 
            "created_at": "2009-06-15 03:23:33", 
            "quantity": 1000
        }
    }, 
    {
        "pk": 141, 
        "model": "ticket.zone", 
        "fields": {
            "is_deleted": false, 
            "name": "VIP", 
            "price": 100.0, 
            "updated_at": "2009-06-15 03:23:33", 
            "presentation": 80, 
            "created_at": "2009-06-15 03:23:33", 
            "quantity": 200
        }
    }, 
    {
        "pk": 142, 
        "model": "ticket.zone", 
        "fields": {
            "is_deleted": false, 
            "name": "General", 
            "price": 50.0, 
            "updated_at": "2009-06-15 03:23:33", 
            "presentation": 80, 
            "created_at": "2009-06-15 03:23:33", 
            "quantity": 1000
        }
    }, 
    {
        "pk": 143, 
        "model": "ticket.zone", 
        "fields": {
            "is_deleted": false, 
            "name": "VIP", 
            "price": 100.0, 
            "updated_at": "2009-06-15 03:23:33", 
            "presentation": 81, 
            "created_at": "2009-06-15 03:23:33", 
            "quantity": 200
        }
    }, 
    {
        "pk": 144, 
        "model": "ticket.zone", 
        "fields": {
            "is_deleted": false, 
            "name": "General", 
            "price": 50.0, 
            "updated_at": "2009-06-15 03:23:33", 
            "presentation": 81, 
            "created_at": "2009-06-15 03:23:33", 
            "quantity": 1000
        }
    }, 
    {
        "pk": 145, 
        "model": "ticket.zone", 
        "fields": {
            "is_deleted": false, 
            "name": "VIP", 
            "price": 100.0, 
            "updated_at": "2009-06-15 03:23:33", 
            "presentation": 82, 
            "created_at": "2009-06-15 03:23:33", 
            "quantity": 200
        }
    }, 
    {
        "pk": 146, 
        "model": "ticket.zone", 
        "fields": {
            "is_deleted": false, 
            "name": "General", 
            "price": 50.0, 
            "updated_at": "2009-06-15 03:23:33", 
            "presentation": 82, 
            "created_at": "2009-06-15 03:23:33", 
            "quantity": 1000
        }
    }, 
    {
        "pk": 147, 
        "model": "ticket.zone", 
        "fields": {
            "is_deleted": false, 
            "name": "VIP", 
            "price": 100.0, 
            "updated_at": "2009-06-15 03:23:33", 
            "presentation": 83, 
            "created_at": "2009-06-15 03:23:33", 
            "quantity": 200
        }
    }, 
    {
        "pk": 148, 
        "model": "ticket.zone", 
        "fields": {
            "is_deleted": false, 
            "name": "General", 
            "price": 50.0, 
            "updated_at": "2009-06-15 03:23:33", 
            "presentation": 83, 
            "created_at": "2009-06-15 03:23:33", 
            "quantity": 1000
        }
    }, 
    {
        "pk": 149, 
        "model": "ticket.zone", 
        "fields": {
            "is_deleted": false, 
            "name": "VIP", 
            "price": 100.0, 
            "updated_at": "2009-06-15 03:23:33", 
            "presentation": 84, 
            "created_at": "2009-06-15 03:23:33", 
            "quantity": 200
        }
    }, 
    {
        "pk": 150, 
        "model": "ticket.zone", 
        "fields": {
            "is_deleted": false, 
            "name": "General", 
            "price": 50.0, 
            "updated_at": "2009-06-15 03:23:33", 
            "presentation": 84, 
            "created_at": "2009-06-15 03:23:33", 
            "quantity": 1000
        }
    }, 
    {
        "pk": 151, 
        "model": "ticket.zone", 
        "fields": {
            "is_deleted": false, 
            "name": "VIP", 
            "price": 100.0, 
            "updated_at": "2009-06-15 03:23:33", 
            "presentation": 85, 
            "created_at": "2009-06-15 03:23:33", 
            "quantity": 200
        }
    }, 
    {
        "pk": 152, 
        "model": "ticket.zone", 
        "fields": {
            "is_deleted": false, 
            "name": "General", 
            "price": 50.0, 
            "updated_at": "2009-06-15 03:23:33", 
            "presentation": 85, 
            "created_at": "2009-06-15 03:23:33", 
            "quantity": 1000
        }
    }, 
    {
        "pk": 153, 
        "model": "ticket.zone", 
        "fields": {
            "is_deleted": false, 
            "name": "VIP", 
            "price": 100.0, 
            "updated_at": "2009-06-15 03:23:33", 
            "presentation": 86, 
            "created_at": "2009-06-15 03:23:33", 
            "quantity": 200
        }
    }, 
    {
        "pk": 154, 
        "model": "ticket.zone", 
        "fields": {
            "is_deleted": false, 
            "name": "General", 
            "price": 50.0, 
            "updated_at": "2009-06-15 03:23:33", 
            "presentation": 86, 
            "created_at": "2009-06-15 03:23:33", 
            "quantity": 1000
        }
    }, 
    {
        "pk": 155, 
        "model": "ticket.zone", 
        "fields": {
            "is_deleted": false, 
            "name": "VIP", 
            "price": 100.0, 
            "updated_at": "2009-06-15 03:23:33", 
            "presentation": 95, 
            "created_at": "2009-06-15 03:23:33", 
            "quantity": 200
        }
    }, 
    {
        "pk": 156, 
        "model": "ticket.zone", 
        "fields": {
            "is_deleted": false, 
            "name": "General", 
            "price": 50.0, 
            "updated_at": "2009-06-15 03:23:33", 
            "presentation": 95, 
            "created_at": "2009-06-15 03:23:33", 
            "quantity": 1000
        }
    }, 
    {
        "pk": 157, 
        "model": "ticket.zone", 
        "fields": {
            "is_deleted": false, 
            "name": "VIP", 
            "price": 100.0, 
            "updated_at": "2009-06-15 03:23:33", 
            "presentation": 87, 
            "created_at": "2009-06-15 03:23:33", 
            "quantity": 200
        }
    }, 
    {
        "pk": 158, 
        "model": "ticket.zone", 
        "fields": {
            "is_deleted": false, 
            "name": "General", 
            "price": 50.0, 
            "updated_at": "2009-06-15 03:23:33", 
            "presentation": 87, 
            "created_at": "2009-06-15 03:23:33", 
            "quantity": 1000
        }
    }, 
    {
        "pk": 159, 
        "model": "ticket.zone", 
        "fields": {
            "is_deleted": false, 
            "name": "VIP", 
            "price": 100.0, 
            "updated_at": "2009-06-15 03:23:33", 
            "presentation": 88, 
            "created_at": "2009-06-15 03:23:33", 
            "quantity": 200
        }
    }, 
    {
        "pk": 160, 
        "model": "ticket.zone", 
        "fields": {
            "is_deleted": false, 
            "name": "General", 
            "price": 50.0, 
            "updated_at": "2009-06-15 03:23:33", 
            "presentation": 88, 
            "created_at": "2009-06-15 03:23:33", 
            "quantity": 1000
        }
    }, 
    {
        "pk": 161, 
        "model": "ticket.zone", 
        "fields": {
            "is_deleted": false, 
            "name": "VIP", 
            "price": 100.0, 
            "updated_at": "2009-06-15 03:23:33", 
            "presentation": 1, 
            "created_at": "2009-06-15 03:23:33", 
            "quantity": 200
        }
    }, 
    {
        "pk": 162, 
        "model": "ticket.zone", 
        "fields": {
            "is_deleted": false, 
            "name": "General", 
            "price": 50.0, 
            "updated_at": "2009-06-15 03:23:33", 
            "presentation": 1, 
            "created_at": "2009-06-15 03:23:33", 
            "quantity": 1000
        }
    }, 
    {
        "pk": 163, 
        "model": "ticket.zone", 
        "fields": {
            "is_deleted": false, 
            "name": "VIP", 
            "price": 100.0, 
            "updated_at": "2009-06-15 03:23:33", 
            "presentation": 2, 
            "created_at": "2009-06-15 03:23:33", 
            "quantity": 200
        }
    }, 
    {
        "pk": 164, 
        "model": "ticket.zone", 
        "fields": {
            "is_deleted": false, 
            "name": "General", 
            "price": 50.0, 
            "updated_at": "2009-06-15 03:23:33", 
            "presentation": 2, 
            "created_at": "2009-06-15 03:23:33", 
            "quantity": 1000
        }
    }, 
    {
        "pk": 165, 
        "model": "ticket.zone", 
        "fields": {
            "is_deleted": false, 
            "name": "VIP", 
            "price": 100.0, 
            "updated_at": "2009-06-15 03:23:33", 
            "presentation": 3, 
            "created_at": "2009-06-15 03:23:33", 
            "quantity": 200
        }
    }, 
    {
        "pk": 166, 
        "model": "ticket.zone", 
        "fields": {
            "is_deleted": false, 
            "name": "General", 
            "price": 50.0, 
            "updated_at": "2009-06-15 03:23:33", 
            "presentation": 3, 
            "created_at": "2009-06-15 03:23:33", 
            "quantity": 1000
        }
    }, 
    {
        "pk": 167, 
        "model": "ticket.zone", 
        "fields": {
            "is_deleted": false, 
            "name": "VIP", 
            "price": 100.0, 
            "updated_at": "2009-06-15 03:23:33", 
            "presentation": 4, 
            "created_at": "2009-06-15 03:23:33", 
            "quantity": 200
        }
    }, 
    {
        "pk": 168, 
        "model": "ticket.zone", 
        "fields": {
            "is_deleted": false, 
            "name": "General", 
            "price": 50.0, 
            "updated_at": "2009-06-15 03:23:33", 
            "presentation": 4, 
            "created_at": "2009-06-15 03:23:33", 
            "quantity": 1000
        }
    }, 
    {
        "pk": 169, 
        "model": "ticket.zone", 
        "fields": {
            "is_deleted": false, 
            "name": "VIP", 
            "price": 100.0, 
            "updated_at": "2009-06-15 03:23:33", 
            "presentation": 14, 
            "created_at": "2009-06-15 03:23:33", 
            "quantity": 200
        }
    }, 
    {
        "pk": 170, 
        "model": "ticket.zone", 
        "fields": {
            "is_deleted": false, 
            "name": "General", 
            "price": 50.0, 
            "updated_at": "2009-06-15 03:23:33", 
            "presentation": 14, 
            "created_at": "2009-06-15 03:23:33", 
            "quantity": 1000
        }
    }, 
    {
        "pk": 171, 
        "model": "ticket.zone", 
        "fields": {
            "is_deleted": false, 
            "name": "VIP", 
            "price": 100.0, 
            "updated_at": "2009-06-15 03:23:33", 
            "presentation": 89, 
            "created_at": "2009-06-15 03:23:33", 
            "quantity": 200
        }
    }, 
    {
        "pk": 172, 
        "model": "ticket.zone", 
        "fields": {
            "is_deleted": false, 
            "name": "General", 
            "price": 50.0, 
            "updated_at": "2009-06-15 03:23:33", 
            "presentation": 89, 
            "created_at": "2009-06-15 03:23:33", 
            "quantity": 1000
        }
    }, 
    {
        "pk": 173, 
        "model": "ticket.zone", 
        "fields": {
            "is_deleted": false, 
            "name": "VIP", 
            "price": 100.0, 
            "updated_at": "2009-06-15 03:23:33", 
            "presentation": 5, 
            "created_at": "2009-06-15 03:23:33", 
            "quantity": 200
        }
    }, 
    {
        "pk": 174, 
        "model": "ticket.zone", 
        "fields": {
            "is_deleted": false, 
            "name": "General", 
            "price": 50.0, 
            "updated_at": "2009-06-15 03:23:33", 
            "presentation": 5, 
            "created_at": "2009-06-15 03:23:33", 
            "quantity": 1000
        }
    }, 
    {
        "pk": 175, 
        "model": "ticket.zone", 
        "fields": {
            "is_deleted": false, 
            "name": "VIP", 
            "price": 100.0, 
            "updated_at": "2009-06-15 03:23:33", 
            "presentation": 6, 
            "created_at": "2009-06-15 03:23:33", 
            "quantity": 200
        }
    }, 
    {
        "pk": 176, 
        "model": "ticket.zone", 
        "fields": {
            "is_deleted": false, 
            "name": "General", 
            "price": 50.0, 
            "updated_at": "2009-06-15 03:23:33", 
            "presentation": 6, 
            "created_at": "2009-06-15 03:23:33", 
            "quantity": 1000
        }
    }, 
    {
        "pk": 177, 
        "model": "ticket.zone", 
        "fields": {
            "is_deleted": false, 
            "name": "VIP", 
            "price": 100.0, 
            "updated_at": "2009-06-15 03:23:33", 
            "presentation": 7, 
            "created_at": "2009-06-15 03:23:33", 
            "quantity": 200
        }
    }, 
    {
        "pk": 178, 
        "model": "ticket.zone", 
        "fields": {
            "is_deleted": false, 
            "name": "General", 
            "price": 50.0, 
            "updated_at": "2009-06-15 03:23:33", 
            "presentation": 7, 
            "created_at": "2009-06-15 03:23:33", 
            "quantity": 1000
        }
    }, 
    {
        "pk": 179, 
        "model": "ticket.zone", 
        "fields": {
            "is_deleted": false, 
            "name": "VIP", 
            "price": 100.0, 
            "updated_at": "2009-06-15 03:23:33", 
            "presentation": 15, 
            "created_at": "2009-06-15 03:23:33", 
            "quantity": 200
        }
    }, 
    {
        "pk": 180, 
        "model": "ticket.zone", 
        "fields": {
            "is_deleted": false, 
            "name": "General", 
            "price": 50.0, 
            "updated_at": "2009-06-15 03:23:33", 
            "presentation": 15, 
            "created_at": "2009-06-15 03:23:33", 
            "quantity": 1000
        }
    }, 
    {
        "pk": 181, 
        "model": "ticket.zone", 
        "fields": {
            "is_deleted": false, 
            "name": "VIP", 
            "price": 100.0, 
            "updated_at": "2009-06-15 03:23:33", 
            "presentation": 16, 
            "created_at": "2009-06-15 03:23:33", 
            "quantity": 200
        }
    }, 
    {
        "pk": 182, 
        "model": "ticket.zone", 
        "fields": {
            "is_deleted": false, 
            "name": "General", 
            "price": 50.0, 
            "updated_at": "2009-06-15 03:23:33", 
            "presentation": 16, 
            "created_at": "2009-06-15 03:23:33", 
            "quantity": 1000
        }
    }, 
    {
        "pk": 183, 
        "model": "ticket.zone", 
        "fields": {
            "is_deleted": false, 
            "name": "VIP", 
            "price": 100.0, 
            "updated_at": "2009-06-15 03:23:34", 
            "presentation": 17, 
            "created_at": "2009-06-15 03:23:34", 
            "quantity": 200
        }
    }, 
    {
        "pk": 184, 
        "model": "ticket.zone", 
        "fields": {
            "is_deleted": false, 
            "name": "General", 
            "price": 50.0, 
            "updated_at": "2009-06-15 03:23:34", 
            "presentation": 17, 
            "created_at": "2009-06-15 03:23:34", 
            "quantity": 1000
        }
    }, 
    {
        "pk": 185, 
        "model": "ticket.zone", 
        "fields": {
            "is_deleted": false, 
            "name": "VIP", 
            "price": 100.0, 
            "updated_at": "2009-06-15 03:23:34", 
            "presentation": 90, 
            "created_at": "2009-06-15 03:23:34", 
            "quantity": 200
        }
    }, 
    {
        "pk": 186, 
        "model": "ticket.zone", 
        "fields": {
            "is_deleted": false, 
            "name": "General", 
            "price": 50.0, 
            "updated_at": "2009-06-15 03:23:34", 
            "presentation": 90, 
            "created_at": "2009-06-15 03:23:34", 
            "quantity": 1000
        }
    }, 
    {
        "pk": 187, 
        "model": "ticket.zone", 
        "fields": {
            "is_deleted": false, 
            "name": "VIP", 
            "price": 100.0, 
            "updated_at": "2009-06-15 03:23:34", 
            "presentation": 18, 
            "created_at": "2009-06-15 03:23:34", 
            "quantity": 200
        }
    }, 
    {
        "pk": 188, 
        "model": "ticket.zone", 
        "fields": {
            "is_deleted": false, 
            "name": "General", 
            "price": 50.0, 
            "updated_at": "2009-06-15 03:23:34", 
            "presentation": 18, 
            "created_at": "2009-06-15 03:23:34", 
            "quantity": 1000
        }
    }, 
    {
        "pk": 189, 
        "model": "ticket.zone", 
        "fields": {
            "is_deleted": false, 
            "name": "VIP", 
            "price": 100.0, 
            "updated_at": "2009-06-15 03:23:34", 
            "presentation": 19, 
            "created_at": "2009-06-15 03:23:34", 
            "quantity": 200
        }
    }, 
    {
        "pk": 191, 
        "model": "ticket.zone", 
        "fields": {
            "is_deleted": false, 
            "name": "VIP", 
            "price": 100.0, 
            "updated_at": "2009-06-15 03:23:34", 
            "presentation": 20, 
            "created_at": "2009-06-15 03:23:34", 
            "quantity": 200
        }
    }, 
    {
        "pk": 192, 
        "model": "ticket.zone", 
        "fields": {
            "is_deleted": false, 
            "name": "General", 
            "price": 50.0, 
            "updated_at": "2009-06-15 03:23:34", 
            "presentation": 20, 
            "created_at": "2009-06-15 03:23:34", 
            "quantity": 1000
        }
    }, 
    {
        "pk": 193, 
        "model": "ticket.zone", 
        "fields": {
            "is_deleted": false, 
            "name": "VIP", 
            "price": 100.0, 
            "updated_at": "2009-06-15 03:23:34", 
            "presentation": 21, 
            "created_at": "2009-06-15 03:23:34", 
            "quantity": 200
        }
    }, 
    {
        "pk": 194, 
        "model": "ticket.zone", 
        "fields": {
            "is_deleted": false, 
            "name": "General", 
            "price": 50.0, 
            "updated_at": "2009-06-15 03:23:34", 
            "presentation": 21, 
            "created_at": "2009-06-15 03:23:34", 
            "quantity": 1000
        }
    }, 
    {
        "pk": 195, 
        "model": "ticket.zone", 
        "fields": {
            "is_deleted": false, 
            "name": "VIP", 
            "price": 100.0, 
            "updated_at": "2009-06-15 03:23:34", 
            "presentation": 22, 
            "created_at": "2009-06-15 03:23:34", 
            "quantity": 200
        }
    }, 
    {
        "pk": 196, 
        "model": "ticket.zone", 
        "fields": {
            "is_deleted": false, 
            "name": "General", 
            "price": 50.0, 
            "updated_at": "2009-06-15 03:23:34", 
            "presentation": 22, 
            "created_at": "2009-06-15 03:23:34", 
            "quantity": 1000
        }
    }, 
    {
        "pk": 197, 
        "model": "ticket.zone", 
        "fields": {
            "is_deleted": false, 
            "name": "VIP", 
            "price": 100.0, 
            "updated_at": "2009-06-15 03:23:34", 
            "presentation": 23, 
            "created_at": "2009-06-15 03:23:34", 
            "quantity": 200
        }
    }, 
    {
        "pk": 198, 
        "model": "ticket.zone", 
        "fields": {
            "is_deleted": false, 
            "name": "General", 
            "price": 50.0, 
            "updated_at": "2009-06-15 03:23:34", 
            "presentation": 23, 
            "created_at": "2009-06-15 03:23:34", 
            "quantity": 1000
        }
    }, 
    {
        "pk": 199, 
        "model": "ticket.zone", 
        "fields": {
            "is_deleted": false, 
            "name": "VIP", 
            "price": 100.0, 
            "updated_at": "2009-06-15 03:23:34", 
            "presentation": 24, 
            "created_at": "2009-06-15 03:23:34", 
            "quantity": 200
        }
    }, 
    {
        "pk": 200, 
        "model": "ticket.zone", 
        "fields": {
            "is_deleted": false, 
            "name": "General", 
            "price": 50.0, 
            "updated_at": "2009-06-15 03:23:34", 
            "presentation": 24, 
            "created_at": "2009-06-15 03:23:34", 
            "quantity": 1000
        }
    }, 
    {
        "pk": 190, 
        "model": "ticket.zone", 
        "fields": {
            "is_deleted": false, 
            "name": "General", 
            "price": 50.0, 
            "updated_at": "2009-06-15 05:19:00", 
            "presentation": 19, 
            "created_at": "2009-06-15 03:23:34", 
            "quantity": 998
        }
    }, 
    {
        "pk": 16, 
        "model": "ticket.zone", 
        "fields": {
            "is_deleted": false, 
            "name": "General", 
            "price": 50.0, 
            "updated_at": "2009-06-15 08:21:28", 
            "presentation": 10, 
            "created_at": "2009-06-15 03:23:32", 
            "quantity": 998
        }
    }, 
    {
        "pk": 14, 
        "model": "ticket.ticket", 
        "fields": {
            "is_deleted": false, 
            "name": "Bethoven Festival - 2009-06-13 - 20:00:00 - General - 14", 
            "zone": 10, 
            "created_at": "2009-06-15 08:59:42", 
            "updated_at": "2009-06-15 08:59:42", 
            "sell_by": null, 
            "presentation": 87, 
            "bought_by": 1
        }
    }, 
    {
        "pk": 15, 
        "model": "ticket.ticket", 
        "fields": {
            "is_deleted": false, 
            "name": "Bethoven Festival - 2009-06-13 - 20:00:00 - General - 15", 
            "zone": 10, 
            "created_at": "2009-06-15 08:59:42", 
            "updated_at": "2009-06-15 08:59:42", 
            "sell_by": null, 
            "presentation": 87, 
            "bought_by": 1
        }
    }, 
    {
        "pk": 16, 
        "model": "ticket.ticket", 
        "fields": {
            "is_deleted": false, 
            "name": "Bethoven Festival - 2009-06-13 - 20:00:00 - General - 16", 
            "zone": 10, 
            "created_at": "2009-06-15 09:00:31", 
            "updated_at": "2009-06-15 09:00:31", 
            "sell_by": null, 
            "presentation": 87, 
            "bought_by": 1
        }
    }, 
    {
        "pk": 17, 
        "model": "ticket.ticket", 
        "fields": {
            "is_deleted": false, 
            "name": "Bethoven Festival - 2009-06-13 - 20:00:00 - General - 17", 
            "zone": 10, 
            "created_at": "2009-06-15 09:00:31", 
            "updated_at": "2009-06-15 09:00:31", 
            "sell_by": null, 
            "presentation": 87, 
            "bought_by": 1
        }
    }, 
    {
        "pk": 18, 
        "model": "ticket.ticket", 
        "fields": {
            "is_deleted": false, 
            "name": "Bethoven Festival - 2009-06-13 - 20:00:00 - General - 18", 
            "zone": 10, 
            "created_at": "2009-06-15 09:04:11", 
            "updated_at": "2009-06-15 09:04:11", 
            "sell_by": null, 
            "presentation": 87, 
            "bought_by": 1
        }
    }, 
    {
        "pk": 19, 
        "model": "ticket.ticket", 
        "fields": {
            "is_deleted": false, 
            "name": "Bethoven Festival - 2009-06-13 - 20:00:00 - General - 19", 
            "zone": 10, 
            "created_at": "2009-06-15 09:04:11", 
            "updated_at": "2009-06-15 09:04:11", 
            "sell_by": null, 
            "presentation": 87, 
            "bought_by": 1
        }
    }
]
